year_mon,median,lower,upper,year,decade,month
1850-01-01,-0.702,-1.102,-0.299,1850.0,1850.0,Jan
1850-02-01,-0.281,-0.673,0.117,1850.0,1850.0,Feb
1850-03-01,-0.732,-1.08,-0.382,1850.0,1850.0,Mar
1850-04-01,-0.569,-0.904,-0.237,1850.0,1850.0,Apr
1850-05-01,-0.326,-0.662,0.005,1850.0,1850.0,May
1850-06-01,-0.212,-0.515,0.085,1850.0,1850.0,Jun
1850-07-01,-0.128,-0.457,0.199,1850.0,1850.0,Jul
1850-08-01,-0.232,-0.595,0.132,1850.0,1850.0,Aug
1850-09-01,-0.435,-0.808,-0.063,1850.0,1850.0,Sep
1850-10-01,-0.452,-0.793,-0.104,1850.0,1850.0,Oct
1850-11-01,-0.189,-0.488,0.11,1850.0,1850.0,Nov
1850-12-01,-0.267,-0.572,0.041,1850.0,1850.0,Dec
1851-01-01,-0.299,-0.706,0.106,1851.0,1850.0,Jan
1851-02-01,-0.358,-0.737,0.03,1851.0,1850.0,Feb
1851-03-01,-0.482,-0.809,-0.151,1851.0,1850.0,Mar
1851-04-01,-0.444,-0.747,-0.136,1851.0,1850.0,Apr
1851-05-01,-0.3,-0.614,0.007,1851.0,1850.0,May
1851-06-01,-0.188,-0.485,0.104,1851.0,1850.0,Jun
1851-07-01,-0.213,-0.544,0.118,1851.0,1850.0,Jul
1851-08-01,-0.152,-0.49,0.187,1851.0,1850.0,Aug
1851-09-01,-0.105,-0.472,0.263,1851.0,1850.0,Sep
1851-10-01,-0.06,-0.397,0.283,1851.0,1850.0,Oct
1851-11-01,-0.027,-0.357,0.3,1851.0,1850.0,Nov
1851-12-01,-0.064,-0.388,0.257,1851.0,1850.0,Dec
1852-01-01,-0.307,-0.719,0.109,1852.0,1850.0,Jan
1852-02-01,-0.476,-0.84,-0.11,1852.0,1850.0,Feb
1852-03-01,-0.505,-0.825,-0.182,1852.0,1850.0,Mar
1852-04-01,-0.558,-0.866,-0.249,1852.0,1850.0,Apr
1852-05-01,-0.207,-0.519,0.1,1852.0,1850.0,May
1852-06-01,-0.037,-0.326,0.242,1852.0,1850.0,Jun
1852-07-01,-0.015,-0.326,0.299,1852.0,1850.0,Jul
1852-08-01,-0.194,-0.54,0.147,1852.0,1850.0,Aug
1852-09-01,-0.124,-0.486,0.241,1852.0,1850.0,Sep
1852-10-01,-0.216,-0.525,0.097,1852.0,1850.0,Oct
1852-11-01,-0.186,-0.478,0.103,1852.0,1850.0,Nov
1852-12-01,0.085,-0.242,0.409,1852.0,1850.0,Dec
1853-01-01,-0.174,-0.537,0.192,1853.0,1850.0,Jan
1853-02-01,-0.326,-0.668,0.017,1853.0,1850.0,Feb
1853-03-01,-0.313,-0.602,-0.02,1853.0,1850.0,Mar
1853-04-01,-0.352,-0.648,-0.049,1853.0,1850.0,Apr
1853-05-01,-0.267,-0.579,0.039,1853.0,1850.0,May
1853-06-01,-0.176,-0.449,0.091,1853.0,1850.0,Jun
1853-07-01,-0.057,-0.368,0.256,1853.0,1850.0,Jul
1853-08-01,-0.146,-0.497,0.2,1853.0,1850.0,Aug
1853-09-01,-0.405,-0.753,-0.056,1853.0,1850.0,Sep
1853-10-01,-0.36,-0.659,-0.055,1853.0,1850.0,Oct
1853-11-01,-0.257,-0.537,0.023,1853.0,1850.0,Nov
1853-12-01,-0.444,-0.742,-0.146,1853.0,1850.0,Dec
1854-01-01,-0.373,-0.72,-0.018,1854.0,1850.0,Jan
1854-02-01,-0.288,-0.631,0.057,1854.0,1850.0,Feb
1854-03-01,-0.291,-0.56,-0.018,1854.0,1850.0,Mar
1854-04-01,-0.348,-0.624,-0.072,1854.0,1850.0,Apr
1854-05-01,-0.233,-0.527,0.057,1854.0,1850.0,May
1854-06-01,-0.216,-0.462,0.028,1854.0,1850.0,Jun
1854-07-01,-0.231,-0.512,0.055,1854.0,1850.0,Jul
1854-08-01,-0.169,-0.481,0.139,1854.0,1850.0,Aug
1854-09-01,-0.121,-0.439,0.2,1854.0,1850.0,Sep
1854-10-01,-0.191,-0.476,0.1,1854.0,1850.0,Oct
1854-11-01,-0.372,-0.642,-0.1,1854.0,1850.0,Nov
1854-12-01,-0.235,-0.548,0.076,1854.0,1850.0,Dec
1855-01-01,-0.176,-0.552,0.201,1855.0,1850.0,Jan
1855-02-01,-0.4,-0.731,-0.062,1855.0,1850.0,Feb
1855-03-01,-0.303,-0.603,-0.002,1855.0,1850.0,Mar
1855-04-01,-0.221,-0.491,0.052,1855.0,1850.0,Apr
1855-05-01,-0.337,-0.611,-0.068,1855.0,1850.0,May
1855-06-01,-0.163,-0.412,0.082,1855.0,1850.0,Jun
1855-07-01,-0.269,-0.519,-0.019,1855.0,1850.0,Jul
1855-08-01,-0.162,-0.483,0.155,1855.0,1850.0,Aug
1855-09-01,-0.343,-0.656,-0.027,1855.0,1850.0,Sep
1855-10-01,-0.211,-0.507,0.089,1855.0,1850.0,Oct
1855-11-01,-0.217,-0.501,0.07,1855.0,1850.0,Nov
1855-12-01,-0.513,-0.849,-0.178,1855.0,1850.0,Dec
1856-01-01,-0.107,-0.529,0.321,1856.0,1850.0,Jan
1856-02-01,-0.369,-0.717,-0.012,1856.0,1850.0,Feb
1856-03-01,-0.508,-0.806,-0.21,1856.0,1850.0,Mar
1856-04-01,-0.378,-0.65,-0.106,1856.0,1850.0,Apr
1856-05-01,-0.119,-0.394,0.151,1856.0,1850.0,May
1856-06-01,-0.289,-0.543,-0.04,1856.0,1850.0,Jun
1856-07-01,-0.298,-0.575,-0.018,1856.0,1850.0,Jul
1856-08-01,-0.305,-0.633,0.023,1856.0,1850.0,Aug
1856-09-01,-0.457,-0.771,-0.136,1856.0,1850.0,Sep
1856-10-01,-0.392,-0.682,-0.093,1856.0,1850.0,Oct
1856-11-01,-0.608,-0.866,-0.344,1856.0,1850.0,Nov
1856-12-01,-0.445,-0.745,-0.141,1856.0,1850.0,Dec
1857-01-01,-0.506,-0.867,-0.138,1857.0,1850.0,Jan
1857-02-01,-0.36,-0.758,0.047,1857.0,1850.0,Feb
1857-03-01,-0.43,-0.729,-0.129,1857.0,1850.0,Mar
1857-04-01,-0.636,-0.891,-0.382,1857.0,1850.0,Apr
1857-05-01,-0.565,-0.831,-0.302,1857.0,1850.0,May
1857-06-01,-0.311,-0.552,-0.073,1857.0,1850.0,Jun
1857-07-01,-0.538,-0.793,-0.285,1857.0,1850.0,Jul
1857-08-01,-0.326,-0.639,-0.012,1857.0,1850.0,Aug
1857-09-01,-0.394,-0.699,-0.085,1857.0,1850.0,Sep
1857-10-01,-0.464,-0.749,-0.178,1857.0,1850.0,Oct
1857-11-01,-0.666,-0.947,-0.383,1857.0,1850.0,Nov
1857-12-01,-0.367,-0.696,-0.045,1857.0,1850.0,Dec
1858-01-01,-0.531,-0.91,-0.147,1858.0,1850.0,Jan
1858-02-01,-0.709,-1.076,-0.336,1858.0,1850.0,Feb
1858-03-01,-0.553,-0.858,-0.252,1858.0,1850.0,Mar
1858-04-01,-0.516,-0.777,-0.251,1858.0,1850.0,Apr
1858-05-01,-0.655,-0.929,-0.387,1858.0,1850.0,May
1858-06-01,-0.579,-0.847,-0.318,1858.0,1850.0,Jun
1858-07-01,-0.323,-0.583,-0.059,1858.0,1850.0,Jul
1858-08-01,-0.281,-0.611,0.051,1858.0,1850.0,Aug
1858-09-01,-0.339,-0.664,-0.017,1858.0,1850.0,Sep
1858-10-01,-0.204,-0.51,0.101,1858.0,1850.0,Oct
1858-11-01,-0.645,-0.94,-0.348,1858.0,1850.0,Nov
1858-12-01,-0.304,-0.631,0.027,1858.0,1850.0,Dec
1859-01-01,-0.311,-0.732,0.113,1859.0,1850.0,Jan
1859-02-01,-0.195,-0.624,0.229,1859.0,1850.0,Feb
1859-03-01,-0.336,-0.669,-0.009,1859.0,1850.0,Mar
1859-04-01,-0.2,-0.487,0.092,1859.0,1850.0,Apr
1859-05-01,-0.312,-0.598,-0.029,1859.0,1850.0,May
1859-06-01,-0.249,-0.527,0.02,1859.0,1850.0,Jun
1859-07-01,-0.283,-0.563,-0.006,1859.0,1850.0,Jul
1859-08-01,-0.099,-0.415,0.213,1859.0,1850.0,Aug
1859-09-01,-0.574,-0.906,-0.24,1859.0,1850.0,Sep
1859-10-01,-0.256,-0.564,0.05,1859.0,1850.0,Oct
1859-11-01,-0.324,-0.653,0.002,1859.0,1850.0,Nov
1859-12-01,-0.358,-0.71,-0.01,1859.0,1850.0,Dec
1860-01-01,-0.195,-0.615,0.229,1860.0,1860.0,Jan
1860-02-01,-0.431,-0.847,-0.018,1860.0,1860.0,Feb
1860-03-01,-0.649,-1.018,-0.289,1860.0,1860.0,Mar
1860-04-01,-0.345,-0.629,-0.061,1860.0,1860.0,Apr
1860-05-01,-0.3,-0.6,-0.005,1860.0,1860.0,May
1860-06-01,-0.308,-0.594,-0.029,1860.0,1860.0,Jun
1860-07-01,-0.115,-0.384,0.149,1860.0,1860.0,Jul
1860-08-01,-0.193,-0.529,0.142,1860.0,1860.0,Aug
1860-09-01,-0.224,-0.552,0.109,1860.0,1860.0,Sep
1860-10-01,-0.197,-0.509,0.106,1860.0,1860.0,Oct
1860-11-01,-0.508,-0.826,-0.194,1860.0,1860.0,Nov
1860-12-01,-0.753,-1.159,-0.356,1860.0,1860.0,Dec
1861-01-01,-0.9,-1.374,-0.43,1861.0,1860.0,Jan
1861-02-01,-0.526,-1.055,0.001,1861.0,1860.0,Feb
1861-03-01,-0.468,-0.926,-0.019,1861.0,1860.0,Mar
1861-04-01,-0.4,-0.735,-0.066,1861.0,1860.0,Apr
1861-05-01,-0.768,-1.098,-0.437,1861.0,1860.0,May
1861-06-01,-0.187,-0.506,0.129,1861.0,1860.0,Jun
1861-07-01,-0.212,-0.519,0.102,1861.0,1860.0,Jul
1861-08-01,-0.099,-0.462,0.257,1861.0,1860.0,Aug
1861-09-01,-0.335,-0.691,0.023,1861.0,1860.0,Sep
1861-10-01,-0.357,-0.715,-0.014,1861.0,1860.0,Oct
1861-11-01,-0.426,-0.8,-0.061,1861.0,1860.0,Nov
1861-12-01,-0.268,-0.719,0.179,1861.0,1860.0,Dec
1862-01-01,-0.753,-1.334,-0.182,1862.0,1860.0,Jan
1862-02-01,-0.785,-1.416,-0.161,1862.0,1860.0,Feb
1862-03-01,-0.404,-0.846,0.026,1862.0,1860.0,Mar
1862-04-01,-0.247,-0.571,0.079,1862.0,1860.0,Apr
1862-05-01,-0.233,-0.538,0.074,1862.0,1860.0,May
1862-06-01,-0.341,-0.631,-0.051,1862.0,1860.0,Jun
1862-07-01,-0.34,-0.646,-0.04,1862.0,1860.0,Jul
1862-08-01,-0.699,-1.055,-0.353,1862.0,1860.0,Aug
1862-09-01,-0.418,-0.772,-0.061,1862.0,1860.0,Sep
1862-10-01,-0.426,-0.82,-0.037,1862.0,1860.0,Oct
1862-11-01,-0.765,-1.193,-0.348,1862.0,1860.0,Nov
1862-12-01,-0.894,-1.374,-0.42,1862.0,1860.0,Dec
1863-01-01,0.128,-0.443,0.699,1863.0,1860.0,Jan
1863-02-01,-0.029,-0.63,0.566,1863.0,1860.0,Feb
1863-03-01,-0.367,-0.81,0.074,1863.0,1860.0,Mar
1863-04-01,-0.241,-0.579,0.097,1863.0,1860.0,Apr
1863-05-01,-0.322,-0.634,-0.015,1863.0,1860.0,May
1863-06-01,-0.403,-0.707,-0.104,1863.0,1860.0,Jun
1863-07-01,-0.422,-0.74,-0.11,1863.0,1860.0,Jul
1863-08-01,-0.316,-0.682,0.043,1863.0,1860.0,Aug
1863-09-01,-0.324,-0.699,0.052,1863.0,1860.0,Sep
1863-10-01,-0.385,-0.792,0.009,1863.0,1860.0,Oct
1863-11-01,-0.333,-0.747,0.072,1863.0,1860.0,Nov
1863-12-01,-0.348,-0.815,0.115,1863.0,1860.0,Dec
1864-01-01,-0.938,-1.508,-0.374,1864.0,1860.0,Jan
1864-02-01,-0.636,-1.208,-0.076,1864.0,1860.0,Feb
1864-03-01,-0.502,-0.932,-0.078,1864.0,1860.0,Mar
1864-04-01,-0.551,-0.864,-0.237,1864.0,1860.0,Apr
1864-05-01,-0.454,-0.782,-0.13,1864.0,1860.0,May
1864-06-01,-0.165,-0.459,0.122,1864.0,1860.0,Jun
1864-07-01,-0.15,-0.449,0.141,1864.0,1860.0,Jul
1864-08-01,-0.309,-0.655,0.027,1864.0,1860.0,Aug
1864-09-01,-0.448,-0.84,-0.06,1864.0,1860.0,Sep
1864-10-01,-0.705,-1.092,-0.329,1864.0,1860.0,Oct
1864-11-01,-0.472,-0.829,-0.122,1864.0,1860.0,Nov
1864-12-01,-0.615,-1.051,-0.182,1864.0,1860.0,Dec
1865-01-01,-0.099,-0.676,0.472,1865.0,1860.0,Jan
1865-02-01,-0.611,-1.302,0.072,1865.0,1860.0,Feb
1865-03-01,-0.643,-1.106,-0.185,1865.0,1860.0,Mar
1865-04-01,-0.229,-0.554,0.092,1865.0,1860.0,Apr
1865-05-01,-0.264,-0.586,0.058,1865.0,1860.0,May
1865-06-01,-0.279,-0.59,0.027,1865.0,1860.0,Jun
1865-07-01,-0.13,-0.453,0.188,1865.0,1860.0,Jul
1865-08-01,-0.208,-0.564,0.144,1865.0,1860.0,Aug
1865-09-01,-0.079,-0.477,0.314,1865.0,1860.0,Sep
1865-10-01,-0.265,-0.704,0.157,1865.0,1860.0,Oct
1865-11-01,-0.194,-0.615,0.212,1865.0,1860.0,Nov
1865-12-01,-0.342,-0.789,0.097,1865.0,1860.0,Dec
1866-01-01,0.037,-0.508,0.577,1866.0,1860.0,Jan
1866-02-01,-0.215,-0.778,0.332,1866.0,1860.0,Feb
1866-03-01,-0.593,-1.018,-0.177,1866.0,1860.0,Mar
1866-04-01,-0.264,-0.6,0.068,1866.0,1860.0,Apr
1866-05-01,-0.532,-0.873,-0.2,1866.0,1860.0,May
1866-06-01,0.103,-0.212,0.408,1866.0,1860.0,Jun
1866-07-01,0.028,-0.285,0.338,1866.0,1860.0,Jul
1866-08-01,-0.269,-0.627,0.081,1866.0,1860.0,Aug
1866-09-01,-0.235,-0.606,0.138,1866.0,1860.0,Sep
1866-10-01,-0.425,-0.825,-0.033,1866.0,1860.0,Oct
1866-11-01,-0.312,-0.746,0.115,1866.0,1860.0,Nov
1866-12-01,-0.34,-0.839,0.144,1866.0,1860.0,Dec
1867-01-01,-0.32,-0.881,0.241,1867.0,1860.0,Jan
1867-02-01,0.009,-0.617,0.625,1867.0,1860.0,Feb
1867-03-01,-0.717,-1.157,-0.286,1867.0,1860.0,Mar
1867-04-01,-0.258,-0.575,0.052,1867.0,1860.0,Apr
1867-05-01,-0.546,-0.869,-0.231,1867.0,1860.0,May
1867-06-01,-0.294,-0.6,0.003,1867.0,1860.0,Jun
1867-07-01,-0.239,-0.536,0.059,1867.0,1860.0,Jul
1867-08-01,-0.232,-0.592,0.116,1867.0,1860.0,Aug
1867-09-01,-0.101,-0.469,0.266,1867.0,1860.0,Sep
1867-10-01,-0.185,-0.578,0.198,1867.0,1860.0,Oct
1867-11-01,-0.313,-0.732,0.101,1867.0,1860.0,Nov
1867-12-01,-0.637,-1.073,-0.21,1867.0,1860.0,Dec
1868-01-01,-0.703,-1.332,-0.082,1868.0,1860.0,Jan
1868-02-01,-0.466,-1.17,0.227,1868.0,1860.0,Feb
1868-03-01,-0.076,-0.568,0.407,1868.0,1860.0,Mar
1868-04-01,-0.378,-0.684,-0.068,1868.0,1860.0,Apr
1868-05-01,-0.073,-0.393,0.235,1868.0,1860.0,May
1868-06-01,-0.18,-0.488,0.119,1868.0,1860.0,Jun
1868-07-01,0.147,-0.143,0.435,1868.0,1860.0,Jul
1868-08-01,-0.034,-0.371,0.29,1868.0,1860.0,Aug
1868-09-01,-0.199,-0.535,0.134,1868.0,1860.0,Sep
1868-10-01,-0.236,-0.582,0.105,1868.0,1860.0,Oct
1868-11-01,-0.504,-0.854,-0.155,1868.0,1860.0,Nov
1868-12-01,-0.124,-0.55,0.296,1868.0,1860.0,Dec
1869-01-01,-0.266,-0.848,0.312,1869.0,1860.0,Jan
1869-02-01,0.268,-0.258,0.776,1869.0,1860.0,Feb
1869-03-01,-0.589,-0.945,-0.23,1869.0,1860.0,Mar
1869-04-01,-0.23,-0.506,0.049,1869.0,1860.0,Apr
1869-05-01,-0.279,-0.58,0.021,1869.0,1860.0,May
1869-06-01,-0.375,-0.655,-0.101,1869.0,1860.0,Jun
1869-07-01,-0.294,-0.575,-0.016,1869.0,1860.0,Jul
1869-08-01,-0.078,-0.417,0.256,1869.0,1860.0,Aug
1869-09-01,-0.193,-0.514,0.132,1869.0,1860.0,Sep
1869-10-01,-0.428,-0.755,-0.102,1869.0,1860.0,Oct
1869-11-01,-0.381,-0.688,-0.071,1869.0,1860.0,Nov
1869-12-01,-0.359,-0.729,0.006,1869.0,1860.0,Dec
1870-01-01,-0.083,-0.537,0.368,1870.0,1870.0,Jan
1870-02-01,-0.453,-0.874,-0.044,1870.0,1870.0,Feb
1870-03-01,-0.405,-0.72,-0.09,1870.0,1870.0,Mar
1870-04-01,-0.212,-0.476,0.057,1870.0,1870.0,Apr
1870-05-01,-0.167,-0.449,0.113,1870.0,1870.0,May
1870-06-01,-0.215,-0.466,0.033,1870.0,1870.0,Jun
1870-07-01,0.015,-0.243,0.276,1870.0,1870.0,Jul
1870-08-01,-0.261,-0.583,0.055,1870.0,1870.0,Aug
1870-09-01,-0.265,-0.583,0.052,1870.0,1870.0,Sep
1870-10-01,-0.401,-0.748,-0.059,1870.0,1870.0,Oct
1870-11-01,-0.169,-0.471,0.141,1870.0,1870.0,Nov
1870-12-01,-0.725,-1.105,-0.35,1870.0,1870.0,Dec
1871-01-01,-0.532,-1.049,-0.014,1871.0,1870.0,Jan
1871-02-01,-0.547,-1.07,-0.025,1871.0,1870.0,Feb
1871-03-01,0.014,-0.374,0.399,1871.0,1870.0,Mar
1871-04-01,-0.145,-0.417,0.128,1871.0,1870.0,Apr
1871-05-01,-0.314,-0.601,-0.025,1871.0,1870.0,May
1871-06-01,-0.222,-0.484,0.039,1871.0,1870.0,Jun
1871-07-01,-0.012,-0.267,0.246,1871.0,1870.0,Jul
1871-08-01,-0.221,-0.523,0.077,1871.0,1870.0,Aug
1871-09-01,-0.456,-0.775,-0.137,1871.0,1870.0,Sep
1871-10-01,-0.482,-0.807,-0.165,1871.0,1870.0,Oct
1871-11-01,-0.538,-0.859,-0.221,1871.0,1870.0,Nov
1871-12-01,-0.563,-0.921,-0.218,1871.0,1870.0,Dec
1872-01-01,-0.308,-0.765,0.148,1872.0,1870.0,Jan
1872-02-01,-0.403,-0.854,0.037,1872.0,1870.0,Feb
1872-03-01,-0.475,-0.834,-0.119,1872.0,1870.0,Mar
1872-04-01,-0.154,-0.415,0.111,1872.0,1870.0,Apr
1872-05-01,-0.045,-0.318,0.228,1872.0,1870.0,May
1872-06-01,-0.211,-0.446,0.026,1872.0,1870.0,Jun
1872-07-01,-0.117,-0.377,0.146,1872.0,1870.0,Jul
1872-08-01,-0.027,-0.334,0.272,1872.0,1870.0,Aug
1872-09-01,-0.131,-0.427,0.167,1872.0,1870.0,Sep
1872-10-01,-0.228,-0.526,0.068,1872.0,1870.0,Oct
1872-11-01,-0.249,-0.531,0.036,1872.0,1870.0,Nov
1872-12-01,-0.43,-0.756,-0.108,1872.0,1870.0,Dec
1873-01-01,-0.017,-0.437,0.4,1873.0,1870.0,Jan
1873-02-01,-0.344,-0.815,0.119,1873.0,1870.0,Feb
1873-03-01,-0.276,-0.622,0.063,1873.0,1870.0,Mar
1873-04-01,-0.523,-0.792,-0.252,1873.0,1870.0,Apr
1873-05-01,-0.413,-0.685,-0.143,1873.0,1870.0,May
1873-06-01,-0.259,-0.513,-0.003,1873.0,1870.0,Jun
1873-07-01,-0.152,-0.406,0.106,1873.0,1870.0,Jul
1873-08-01,-0.163,-0.457,0.129,1873.0,1870.0,Aug
1873-09-01,-0.359,-0.65,-0.064,1873.0,1870.0,Sep
1873-10-01,-0.405,-0.705,-0.108,1873.0,1870.0,Oct
1873-11-01,-0.467,-0.736,-0.193,1873.0,1870.0,Nov
1873-12-01,-0.276,-0.588,0.032,1873.0,1870.0,Dec
1874-01-01,0.056,-0.421,0.523,1874.0,1870.0,Jan
1874-02-01,-0.44,-0.841,-0.051,1874.0,1870.0,Feb
1874-03-01,-0.564,-0.888,-0.244,1874.0,1870.0,Mar
1874-04-01,-0.513,-0.772,-0.248,1874.0,1870.0,Apr
1874-05-01,-0.471,-0.755,-0.18,1874.0,1870.0,May
1874-06-01,-0.462,-0.726,-0.197,1874.0,1870.0,Jun
1874-07-01,-0.177,-0.436,0.084,1874.0,1870.0,Jul
1874-08-01,-0.371,-0.682,-0.065,1874.0,1870.0,Aug
1874-09-01,-0.214,-0.493,0.065,1874.0,1870.0,Sep
1874-10-01,-0.435,-0.711,-0.163,1874.0,1870.0,Oct
1874-11-01,-0.506,-0.773,-0.23,1874.0,1870.0,Nov
1874-12-01,-0.408,-0.708,-0.109,1874.0,1870.0,Dec
1875-01-01,-0.578,-0.958,-0.197,1875.0,1870.0,Jan
1875-02-01,-0.614,-1.042,-0.195,1875.0,1870.0,Feb
1875-03-01,-0.599,-0.899,-0.301,1875.0,1870.0,Mar
1875-04-01,-0.467,-0.725,-0.211,1875.0,1870.0,Apr
1875-05-01,-0.176,-0.434,0.087,1875.0,1870.0,May
1875-06-01,-0.236,-0.484,0.011,1875.0,1870.0,Jun
1875-07-01,-0.305,-0.546,-0.061,1875.0,1870.0,Jul
1875-08-01,-0.18,-0.483,0.112,1875.0,1870.0,Aug
1875-09-01,-0.272,-0.572,0.024,1875.0,1870.0,Sep
1875-10-01,-0.369,-0.656,-0.083,1875.0,1870.0,Oct
1875-11-01,-0.499,-0.762,-0.234,1875.0,1870.0,Nov
1875-12-01,-0.497,-0.784,-0.211,1875.0,1870.0,Dec
1876-01-01,-0.312,-0.708,0.082,1876.0,1870.0,Jan
1876-02-01,-0.269,-0.61,0.069,1876.0,1870.0,Feb
1876-03-01,-0.385,-0.703,-0.073,1876.0,1870.0,Mar
1876-04-01,-0.299,-0.56,-0.036,1876.0,1870.0,Apr
1876-05-01,-0.532,-0.792,-0.278,1876.0,1870.0,May
1876-06-01,-0.284,-0.534,-0.033,1876.0,1870.0,Jun
1876-07-01,-0.135,-0.396,0.125,1876.0,1870.0,Jul
1876-08-01,-0.244,-0.543,0.053,1876.0,1870.0,Aug
1876-09-01,-0.436,-0.737,-0.141,1876.0,1870.0,Sep
1876-10-01,-0.387,-0.662,-0.118,1876.0,1870.0,Oct
1876-11-01,-0.581,-0.833,-0.326,1876.0,1870.0,Nov
1876-12-01,-0.713,-1.011,-0.418,1876.0,1870.0,Dec
1877-01-01,-0.327,-0.733,0.072,1877.0,1870.0,Jan
1877-02-01,0.058,-0.302,0.415,1877.0,1870.0,Feb
1877-03-01,-0.291,-0.611,0.028,1877.0,1870.0,Mar
1877-04-01,-0.325,-0.573,-0.076,1877.0,1870.0,Apr
1877-05-01,-0.452,-0.706,-0.2,1877.0,1870.0,May
1877-06-01,-0.092,-0.341,0.155,1877.0,1870.0,Jun
1877-07-01,0.012,-0.261,0.285,1877.0,1870.0,Jul
1877-08-01,0.148,-0.147,0.437,1877.0,1870.0,Aug
1877-09-01,0.029,-0.251,0.308,1877.0,1870.0,Sep
1877-10-01,0.058,-0.208,0.324,1877.0,1870.0,Oct
1877-11-01,0.101,-0.15,0.359,1877.0,1870.0,Nov
1877-12-01,0.174,-0.11,0.459,1877.0,1870.0,Dec
1878-01-01,0.177,-0.197,0.546,1878.0,1870.0,Jan
1878-02-01,0.411,0.081,0.74,1878.0,1870.0,Feb
1878-03-01,0.345,0.051,0.635,1878.0,1870.0,Mar
1878-04-01,0.32,0.073,0.569,1878.0,1870.0,Apr
1878-05-01,-0.082,-0.34,0.167,1878.0,1870.0,May
1878-06-01,0.017,-0.229,0.263,1878.0,1870.0,Jun
1878-07-01,-0.049,-0.309,0.209,1878.0,1870.0,Jul
1878-08-01,-0.025,-0.319,0.268,1878.0,1870.0,Aug
1878-09-01,0.012,-0.248,0.27,1878.0,1870.0,Sep
1878-10-01,-0.123,-0.392,0.151,1878.0,1870.0,Oct
1878-11-01,-0.204,-0.455,0.05,1878.0,1870.0,Nov
1878-12-01,-0.362,-0.637,-0.085,1878.0,1870.0,Dec
1879-01-01,-0.197,-0.594,0.194,1879.0,1870.0,Jan
1879-02-01,-0.15,-0.476,0.168,1879.0,1870.0,Feb
1879-03-01,-0.097,-0.377,0.177,1879.0,1870.0,Mar
1879-04-01,-0.216,-0.454,0.027,1879.0,1870.0,Apr
1879-05-01,-0.213,-0.453,0.027,1879.0,1870.0,May
1879-06-01,-0.27,-0.495,-0.05,1879.0,1870.0,Jun
1879-07-01,-0.232,-0.478,0.012,1879.0,1870.0,Jul
1879-08-01,-0.167,-0.447,0.113,1879.0,1870.0,Aug
1879-09-01,-0.216,-0.487,0.052,1879.0,1870.0,Sep
1879-10-01,-0.123,-0.382,0.138,1879.0,1870.0,Oct
1879-11-01,-0.388,-0.629,-0.148,1879.0,1870.0,Nov
1879-12-01,-0.514,-0.779,-0.25,1879.0,1870.0,Dec
1880-01-01,-0.067,-0.441,0.303,1880.0,1880.0,Jan
1880-02-01,-0.174,-0.468,0.118,1880.0,1880.0,Feb
1880-03-01,-0.107,-0.385,0.171,1880.0,1880.0,Mar
1880-04-01,-0.151,-0.389,0.09,1880.0,1880.0,Apr
1880-05-01,-0.245,-0.501,0.009,1880.0,1880.0,May
1880-06-01,-0.312,-0.536,-0.088,1880.0,1880.0,Jun
1880-07-01,-0.25,-0.496,-0.005,1880.0,1880.0,Jul
1880-08-01,-0.115,-0.398,0.161,1880.0,1880.0,Aug
1880-09-01,-0.234,-0.51,0.037,1880.0,1880.0,Sep
1880-10-01,-0.386,-0.651,-0.12,1880.0,1880.0,Oct
1880-11-01,-0.4,-0.628,-0.167,1880.0,1880.0,Nov
1880-12-01,-0.294,-0.555,-0.037,1880.0,1880.0,Dec
1881-01-01,-0.36,-0.698,-0.029,1881.0,1880.0,Jan
1881-02-01,-0.239,-0.54,0.061,1881.0,1880.0,Feb
1881-03-01,-0.19,-0.452,0.069,1881.0,1880.0,Mar
1881-04-01,-0.135,-0.378,0.105,1881.0,1880.0,Apr
1881-05-01,-0.034,-0.279,0.212,1881.0,1880.0,May
1881-06-01,-0.232,-0.458,-0.008,1881.0,1880.0,Jun
1881-07-01,-0.152,-0.377,0.078,1881.0,1880.0,Jul
1881-08-01,-0.128,-0.416,0.161,1881.0,1880.0,Aug
1881-09-01,-0.247,-0.522,0.023,1881.0,1880.0,Sep
1881-10-01,-0.285,-0.543,-0.02,1881.0,1880.0,Oct
1881-11-01,-0.34,-0.568,-0.11,1881.0,1880.0,Nov
1881-12-01,-0.138,-0.39,0.115,1881.0,1880.0,Dec
1882-01-01,0.117,-0.208,0.44,1882.0,1880.0,Jan
1882-02-01,-0.006,-0.288,0.271,1882.0,1880.0,Feb
1882-03-01,-0.054,-0.322,0.213,1882.0,1880.0,Mar
1882-04-01,-0.284,-0.51,-0.055,1882.0,1880.0,Apr
1882-05-01,-0.374,-0.61,-0.139,1882.0,1880.0,May
1882-06-01,-0.32,-0.534,-0.11,1882.0,1880.0,Jun
1882-07-01,-0.185,-0.419,0.049,1882.0,1880.0,Jul
1882-08-01,-0.22,-0.499,0.06,1882.0,1880.0,Aug
1882-09-01,-0.159,-0.425,0.101,1882.0,1880.0,Sep
1882-10-01,-0.336,-0.589,-0.076,1882.0,1880.0,Oct
1882-11-01,-0.312,-0.536,-0.085,1882.0,1880.0,Nov
1882-12-01,-0.464,-0.719,-0.208,1882.0,1880.0,Dec
1883-01-01,-0.411,-0.718,-0.11,1883.0,1880.0,Jan
1883-02-01,-0.325,-0.597,-0.051,1883.0,1880.0,Feb
1883-03-01,-0.349,-0.593,-0.105,1883.0,1880.0,Mar
1883-04-01,-0.393,-0.617,-0.17,1883.0,1880.0,Apr
1883-05-01,-0.256,-0.481,-0.027,1883.0,1880.0,May
1883-06-01,-0.125,-0.328,0.083,1883.0,1880.0,Jun
1883-07-01,-0.196,-0.413,0.022,1883.0,1880.0,Jul
1883-08-01,-0.211,-0.484,0.058,1883.0,1880.0,Aug
1883-09-01,-0.28,-0.535,-0.032,1883.0,1880.0,Sep
1883-10-01,-0.382,-0.621,-0.14,1883.0,1880.0,Oct
1883-11-01,-0.305,-0.513,-0.097,1883.0,1880.0,Nov
1883-12-01,-0.328,-0.557,-0.1,1883.0,1880.0,Dec
1884-01-01,-0.416,-0.749,-0.088,1884.0,1880.0,Jan
1884-02-01,-0.221,-0.492,0.049,1884.0,1880.0,Feb
1884-03-01,-0.462,-0.711,-0.217,1884.0,1880.0,Mar
1884-04-01,-0.531,-0.752,-0.311,1884.0,1880.0,Apr
1884-05-01,-0.396,-0.62,-0.175,1884.0,1880.0,May
1884-06-01,-0.414,-0.613,-0.216,1884.0,1880.0,Jun
1884-07-01,-0.425,-0.657,-0.197,1884.0,1880.0,Jul
1884-08-01,-0.412,-0.683,-0.143,1884.0,1880.0,Aug
1884-09-01,-0.345,-0.607,-0.087,1884.0,1880.0,Sep
1884-10-01,-0.328,-0.568,-0.086,1884.0,1880.0,Oct
1884-11-01,-0.565,-0.765,-0.364,1884.0,1880.0,Nov
1884-12-01,-0.415,-0.64,-0.192,1884.0,1880.0,Dec
1885-01-01,-0.507,-0.797,-0.224,1885.0,1880.0,Jan
1885-02-01,-0.411,-0.67,-0.158,1885.0,1880.0,Feb
1885-03-01,-0.483,-0.72,-0.25,1885.0,1880.0,Mar
1885-04-01,-0.472,-0.685,-0.257,1885.0,1880.0,Apr
1885-05-01,-0.52,-0.74,-0.299,1885.0,1880.0,May
1885-06-01,-0.488,-0.685,-0.29,1885.0,1880.0,Jun
1885-07-01,-0.313,-0.536,-0.089,1885.0,1880.0,Jul
1885-08-01,-0.51,-0.791,-0.229,1885.0,1880.0,Aug
1885-09-01,-0.333,-0.587,-0.082,1885.0,1880.0,Sep
1885-10-01,-0.246,-0.476,-0.012,1885.0,1880.0,Oct
1885-11-01,-0.261,-0.464,-0.057,1885.0,1880.0,Nov
1885-12-01,-0.153,-0.362,0.06,1885.0,1880.0,Dec
1886-01-01,-0.398,-0.682,-0.12,1886.0,1880.0,Jan
1886-02-01,-0.455,-0.71,-0.205,1886.0,1880.0,Feb
1886-03-01,-0.411,-0.644,-0.18,1886.0,1880.0,Mar
1886-04-01,-0.335,-0.553,-0.12,1886.0,1880.0,Apr
1886-05-01,-0.191,-0.417,0.038,1886.0,1880.0,May
1886-06-01,-0.385,-0.579,-0.192,1886.0,1880.0,Jun
1886-07-01,-0.284,-0.514,-0.051,1886.0,1880.0,Jul
1886-08-01,-0.338,-0.61,-0.063,1886.0,1880.0,Aug
1886-09-01,-0.432,-0.689,-0.177,1886.0,1880.0,Sep
1886-10-01,-0.361,-0.59,-0.127,1886.0,1880.0,Oct
1886-11-01,-0.421,-0.626,-0.219,1886.0,1880.0,Nov
1886-12-01,-0.427,-0.642,-0.21,1886.0,1880.0,Dec
1887-01-01,-0.568,-0.852,-0.285,1887.0,1880.0,Jan
1887-02-01,-0.556,-0.815,-0.302,1887.0,1880.0,Feb
1887-03-01,-0.462,-0.704,-0.222,1887.0,1880.0,Mar
1887-04-01,-0.44,-0.659,-0.224,1887.0,1880.0,Apr
1887-05-01,-0.356,-0.58,-0.13,1887.0,1880.0,May
1887-06-01,-0.409,-0.605,-0.215,1887.0,1880.0,Jun
1887-07-01,-0.27,-0.498,-0.043,1887.0,1880.0,Jul
1887-08-01,-0.368,-0.644,-0.099,1887.0,1880.0,Aug
1887-09-01,-0.345,-0.598,-0.092,1887.0,1880.0,Sep
1887-10-01,-0.506,-0.735,-0.269,1887.0,1880.0,Oct
1887-11-01,-0.409,-0.602,-0.215,1887.0,1880.0,Nov
1887-12-01,-0.398,-0.621,-0.18,1887.0,1880.0,Dec
1888-01-01,-0.603,-0.916,-0.296,1888.0,1880.0,Jan
1888-02-01,-0.455,-0.734,-0.18,1888.0,1880.0,Feb
1888-03-01,-0.543,-0.786,-0.3,1888.0,1880.0,Mar
1888-04-01,-0.245,-0.462,-0.031,1888.0,1880.0,Apr
1888-05-01,-0.349,-0.574,-0.123,1888.0,1880.0,May
1888-06-01,-0.292,-0.489,-0.099,1888.0,1880.0,Jun
1888-07-01,-0.308,-0.535,-0.076,1888.0,1880.0,Jul
1888-08-01,-0.283,-0.564,-0.006,1888.0,1880.0,Aug
1888-09-01,-0.218,-0.469,0.027,1888.0,1880.0,Sep
1888-10-01,-0.108,-0.34,0.134,1888.0,1880.0,Oct
1888-11-01,-0.189,-0.399,0.021,1888.0,1880.0,Nov
1888-12-01,-0.171,-0.413,0.065,1888.0,1880.0,Dec
1889-01-01,-0.055,-0.374,0.259,1889.0,1880.0,Jan
1889-02-01,-0.097,-0.38,0.178,1889.0,1880.0,Feb
1889-03-01,-0.069,-0.324,0.186,1889.0,1880.0,Mar
1889-04-01,0.008,-0.216,0.23,1889.0,1880.0,Apr
1889-05-01,-0.083,-0.308,0.143,1889.0,1880.0,May
1889-06-01,-0.146,-0.342,0.052,1889.0,1880.0,Jun
1889-07-01,-0.196,-0.424,0.035,1889.0,1880.0,Jul
1889-08-01,-0.223,-0.507,0.054,1889.0,1880.0,Aug
1889-09-01,-0.382,-0.645,-0.128,1889.0,1880.0,Sep
1889-10-01,-0.299,-0.545,-0.048,1889.0,1880.0,Oct
1889-11-01,-0.4,-0.624,-0.171,1889.0,1880.0,Nov
1889-12-01,-0.175,-0.421,0.069,1889.0,1880.0,Dec
1890-01-01,-0.323,-0.633,-0.018,1890.0,1890.0,Jan
1890-02-01,-0.359,-0.648,-0.074,1890.0,1890.0,Feb
1890-03-01,-0.458,-0.713,-0.201,1890.0,1890.0,Mar
1890-04-01,-0.32,-0.541,-0.095,1890.0,1890.0,Apr
1890-05-01,-0.42,-0.65,-0.188,1890.0,1890.0,May
1890-06-01,-0.378,-0.583,-0.177,1890.0,1890.0,Jun
1890-07-01,-0.411,-0.641,-0.182,1890.0,1890.0,Jul
1890-08-01,-0.419,-0.697,-0.148,1890.0,1890.0,Aug
1890-09-01,-0.478,-0.739,-0.224,1890.0,1890.0,Sep
1890-10-01,-0.506,-0.762,-0.244,1890.0,1890.0,Oct
1890-11-01,-0.562,-0.785,-0.34,1890.0,1890.0,Nov
1890-12-01,-0.402,-0.647,-0.16,1890.0,1890.0,Dec
1891-01-01,-0.507,-0.838,-0.181,1891.0,1890.0,Jan
1891-02-01,-0.465,-0.767,-0.166,1891.0,1890.0,Feb
1891-03-01,-0.369,-0.636,-0.103,1891.0,1890.0,Mar
1891-04-01,-0.36,-0.595,-0.129,1891.0,1890.0,Apr
1891-05-01,-0.202,-0.423,0.017,1891.0,1890.0,May
1891-06-01,-0.295,-0.49,-0.104,1891.0,1890.0,Jun
1891-07-01,-0.329,-0.557,-0.096,1891.0,1890.0,Jul
1891-08-01,-0.32,-0.61,-0.038,1891.0,1890.0,Aug
1891-09-01,-0.202,-0.471,0.059,1891.0,1890.0,Sep
1891-10-01,-0.326,-0.598,-0.055,1891.0,1890.0,Oct
1891-11-01,-0.541,-0.755,-0.323,1891.0,1890.0,Nov
1891-12-01,-0.124,-0.376,0.126,1891.0,1890.0,Dec
1892-01-01,-0.399,-0.736,-0.073,1892.0,1890.0,Jan
1892-02-01,-0.121,-0.417,0.17,1892.0,1890.0,Feb
1892-03-01,-0.461,-0.716,-0.207,1892.0,1890.0,Mar
1892-04-01,-0.483,-0.708,-0.263,1892.0,1890.0,Apr
1892-05-01,-0.401,-0.63,-0.174,1892.0,1890.0,May
1892-06-01,-0.466,-0.678,-0.253,1892.0,1890.0,Jun
1892-07-01,-0.532,-0.771,-0.295,1892.0,1890.0,Jul
1892-08-01,-0.447,-0.732,-0.168,1892.0,1890.0,Aug
1892-09-01,-0.326,-0.6,-0.067,1892.0,1890.0,Sep
1892-10-01,-0.44,-0.7,-0.183,1892.0,1890.0,Oct
1892-11-01,-0.626,-0.859,-0.391,1892.0,1890.0,Nov
1892-12-01,-0.792,-1.045,-0.546,1892.0,1890.0,Dec
1893-01-01,-0.959,-1.301,-0.626,1893.0,1890.0,Jan
1893-02-01,-0.723,-1.004,-0.45,1893.0,1890.0,Feb
1893-03-01,-0.373,-0.632,-0.117,1893.0,1890.0,Mar
1893-04-01,-0.564,-0.796,-0.337,1893.0,1890.0,Apr
1893-05-01,-0.558,-0.786,-0.335,1893.0,1890.0,May
1893-06-01,-0.462,-0.675,-0.254,1893.0,1890.0,Jun
1893-07-01,-0.279,-0.514,-0.044,1893.0,1890.0,Jul
1893-08-01,-0.29,-0.577,-0.017,1893.0,1890.0,Aug
1893-09-01,-0.439,-0.704,-0.184,1893.0,1890.0,Sep
1893-10-01,-0.273,-0.524,-0.025,1893.0,1890.0,Oct
1893-11-01,-0.417,-0.641,-0.197,1893.0,1890.0,Nov
1893-12-01,-0.341,-0.592,-0.088,1893.0,1890.0,Dec
1894-01-01,-0.453,-0.778,-0.132,1894.0,1890.0,Jan
1894-02-01,-0.378,-0.671,-0.088,1894.0,1890.0,Feb
1894-03-01,-0.377,-0.64,-0.117,1894.0,1890.0,Mar
1894-04-01,-0.381,-0.605,-0.16,1894.0,1890.0,Apr
1894-05-01,-0.422,-0.656,-0.196,1894.0,1890.0,May
1894-06-01,-0.492,-0.697,-0.285,1894.0,1890.0,Jun
1894-07-01,-0.315,-0.554,-0.082,1894.0,1890.0,Jul
1894-08-01,-0.341,-0.622,-0.068,1894.0,1890.0,Aug
1894-09-01,-0.457,-0.721,-0.199,1894.0,1890.0,Sep
1894-10-01,-0.441,-0.689,-0.198,1894.0,1890.0,Oct
1894-11-01,-0.42,-0.65,-0.191,1894.0,1890.0,Nov
1894-12-01,-0.407,-0.652,-0.166,1894.0,1890.0,Dec
1895-01-01,-0.494,-0.813,-0.186,1895.0,1890.0,Jan
1895-02-01,-0.678,-0.958,-0.404,1895.0,1890.0,Feb
1895-03-01,-0.522,-0.788,-0.262,1895.0,1890.0,Mar
1895-04-01,-0.403,-0.641,-0.169,1895.0,1890.0,Apr
1895-05-01,-0.415,-0.651,-0.179,1895.0,1890.0,May
1895-06-01,-0.332,-0.541,-0.126,1895.0,1890.0,Jun
1895-07-01,-0.35,-0.579,-0.12,1895.0,1890.0,Jul
1895-08-01,-0.263,-0.543,0.012,1895.0,1890.0,Aug
1895-09-01,-0.284,-0.544,-0.032,1895.0,1890.0,Sep
1895-10-01,-0.341,-0.581,-0.099,1895.0,1890.0,Oct
1895-11-01,-0.297,-0.524,-0.071,1895.0,1890.0,Nov
1895-12-01,-0.316,-0.561,-0.077,1895.0,1890.0,Dec
1896-01-01,-0.214,-0.525,0.093,1896.0,1890.0,Jan
1896-02-01,-0.225,-0.503,0.052,1896.0,1890.0,Feb
1896-03-01,-0.38,-0.624,-0.139,1896.0,1890.0,Mar
1896-04-01,-0.342,-0.57,-0.117,1896.0,1890.0,Apr
1896-05-01,-0.201,-0.437,0.029,1896.0,1890.0,May
1896-06-01,-0.118,-0.314,0.077,1896.0,1890.0,Jun
1896-07-01,-0.11,-0.342,0.123,1896.0,1890.0,Jul
1896-08-01,-0.064,-0.344,0.211,1896.0,1890.0,Aug
1896-09-01,-0.11,-0.386,0.157,1896.0,1890.0,Sep
1896-10-01,-0.128,-0.376,0.119,1896.0,1890.0,Oct
1896-11-01,-0.283,-0.5,-0.065,1896.0,1890.0,Nov
1896-12-01,-0.03,-0.271,0.205,1896.0,1890.0,Dec
1897-01-01,-0.2,-0.527,0.124,1897.0,1890.0,Jan
1897-02-01,-0.126,-0.408,0.151,1897.0,1890.0,Feb
1897-03-01,-0.274,-0.526,-0.022,1897.0,1890.0,Mar
1897-04-01,-0.073,-0.3,0.153,1897.0,1890.0,Apr
1897-05-01,-0.034,-0.253,0.185,1897.0,1890.0,May
1897-06-01,-0.162,-0.362,0.038,1897.0,1890.0,Jun
1897-07-01,-0.162,-0.388,0.068,1897.0,1890.0,Jul
1897-08-01,-0.154,-0.443,0.128,1897.0,1890.0,Aug
1897-09-01,-0.138,-0.404,0.121,1897.0,1890.0,Sep
1897-10-01,-0.259,-0.499,-0.017,1897.0,1890.0,Oct
1897-11-01,-0.455,-0.678,-0.232,1897.0,1890.0,Nov
1897-12-01,-0.48,-0.713,-0.251,1897.0,1890.0,Dec
1898-01-01,-0.086,-0.387,0.212,1898.0,1890.0,Jan
1898-02-01,-0.377,-0.654,-0.111,1898.0,1890.0,Feb
1898-03-01,-0.749,-1.0,-0.498,1898.0,1890.0,Mar
1898-04-01,-0.572,-0.798,-0.345,1898.0,1890.0,Apr
1898-05-01,-0.472,-0.704,-0.245,1898.0,1890.0,May
1898-06-01,-0.319,-0.514,-0.13,1898.0,1890.0,Jun
1898-07-01,-0.381,-0.618,-0.142,1898.0,1890.0,Jul
1898-08-01,-0.306,-0.591,-0.028,1898.0,1890.0,Aug
1898-09-01,-0.335,-0.601,-0.074,1898.0,1890.0,Sep
1898-10-01,-0.559,-0.797,-0.322,1898.0,1890.0,Oct
1898-11-01,-0.448,-0.668,-0.225,1898.0,1890.0,Nov
1898-12-01,-0.357,-0.575,-0.14,1898.0,1890.0,Dec
1899-01-01,-0.214,-0.515,0.081,1899.0,1890.0,Jan
1899-02-01,-0.494,-0.759,-0.235,1899.0,1890.0,Feb
1899-03-01,-0.544,-0.782,-0.307,1899.0,1890.0,Mar
1899-04-01,-0.349,-0.57,-0.13,1899.0,1890.0,Apr
1899-05-01,-0.312,-0.54,-0.08,1899.0,1890.0,May
1899-06-01,-0.388,-0.588,-0.191,1899.0,1890.0,Jun
1899-07-01,-0.276,-0.511,-0.039,1899.0,1890.0,Jul
1899-08-01,-0.146,-0.435,0.133,1899.0,1890.0,Aug
1899-09-01,-0.136,-0.402,0.126,1899.0,1890.0,Sep
1899-10-01,-0.188,-0.423,0.05,1899.0,1890.0,Oct
1899-11-01,0.025,-0.189,0.235,1899.0,1890.0,Nov
1899-12-01,-0.444,-0.665,-0.226,1899.0,1890.0,Dec
1900-01-01,-0.246,-0.55,0.055,1900.0,1900.0,Jan
1900-02-01,-0.162,-0.435,0.098,1900.0,1900.0,Feb
1900-03-01,-0.282,-0.531,-0.037,1900.0,1900.0,Mar
1900-04-01,-0.254,-0.484,-0.023,1900.0,1900.0,Apr
1900-05-01,-0.27,-0.504,-0.039,1900.0,1900.0,May
1900-06-01,-0.175,-0.395,0.044,1900.0,1900.0,Jun
1900-07-01,-0.19,-0.43,0.05,1900.0,1900.0,Jul
1900-08-01,-0.182,-0.452,0.084,1900.0,1900.0,Aug
1900-09-01,-0.225,-0.498,0.038,1900.0,1900.0,Sep
1900-10-01,-0.06,-0.31,0.187,1900.0,1900.0,Oct
1900-11-01,-0.257,-0.478,-0.037,1900.0,1900.0,Nov
1900-12-01,-0.08,-0.309,0.148,1900.0,1900.0,Dec
1901-01-01,-0.176,-0.456,0.104,1901.0,1900.0,Jan
1901-02-01,-0.27,-0.518,-0.032,1901.0,1900.0,Feb
1901-03-01,-0.242,-0.476,-0.01,1901.0,1900.0,Mar
1901-04-01,-0.191,-0.418,0.035,1901.0,1900.0,Apr
1901-05-01,-0.195,-0.432,0.033,1901.0,1900.0,May
1901-06-01,-0.156,-0.363,0.05,1901.0,1900.0,Jun
1901-07-01,-0.189,-0.428,0.051,1901.0,1900.0,Jul
1901-08-01,-0.195,-0.478,0.08,1901.0,1900.0,Aug
1901-09-01,-0.347,-0.611,-0.089,1901.0,1900.0,Sep
1901-10-01,-0.299,-0.537,-0.058,1901.0,1900.0,Oct
1901-11-01,-0.441,-0.652,-0.228,1901.0,1900.0,Nov
1901-12-01,-0.437,-0.664,-0.213,1901.0,1900.0,Dec
1902-01-01,-0.237,-0.519,0.04,1902.0,1900.0,Jan
1902-02-01,-0.266,-0.523,-0.016,1902.0,1900.0,Feb
1902-03-01,-0.389,-0.615,-0.165,1902.0,1900.0,Mar
1902-04-01,-0.452,-0.663,-0.237,1902.0,1900.0,Apr
1902-05-01,-0.4,-0.62,-0.185,1902.0,1900.0,May
1902-06-01,-0.442,-0.643,-0.24,1902.0,1900.0,Jun
1902-07-01,-0.392,-0.619,-0.163,1902.0,1900.0,Jul
1902-08-01,-0.369,-0.642,-0.101,1902.0,1900.0,Aug
1902-09-01,-0.363,-0.629,-0.104,1902.0,1900.0,Sep
1902-10-01,-0.482,-0.716,-0.248,1902.0,1900.0,Oct
1902-11-01,-0.531,-0.739,-0.325,1902.0,1900.0,Nov
1902-12-01,-0.521,-0.742,-0.301,1902.0,1900.0,Dec
1903-01-01,-0.264,-0.549,0.018,1903.0,1900.0,Jan
1903-02-01,-0.201,-0.45,0.042,1903.0,1900.0,Feb
1903-03-01,-0.355,-0.577,-0.133,1903.0,1900.0,Mar
1903-04-01,-0.472,-0.685,-0.258,1903.0,1900.0,Apr
1903-05-01,-0.464,-0.689,-0.244,1903.0,1900.0,May
1903-06-01,-0.546,-0.744,-0.352,1903.0,1900.0,Jun
1903-07-01,-0.495,-0.721,-0.265,1903.0,1900.0,Jul
1903-08-01,-0.589,-0.864,-0.323,1903.0,1900.0,Aug
1903-09-01,-0.525,-0.781,-0.272,1903.0,1900.0,Sep
1903-10-01,-0.654,-0.887,-0.421,1903.0,1900.0,Oct
1903-11-01,-0.627,-0.833,-0.425,1903.0,1900.0,Nov
1903-12-01,-0.596,-0.807,-0.383,1903.0,1900.0,Dec
1904-01-01,-0.634,-0.909,-0.36,1904.0,1900.0,Jan
1904-02-01,-0.59,-0.839,-0.353,1904.0,1900.0,Feb
1904-03-01,-0.655,-0.881,-0.43,1904.0,1900.0,Mar
1904-04-01,-0.554,-0.778,-0.33,1904.0,1900.0,Apr
1904-05-01,-0.53,-0.755,-0.313,1904.0,1900.0,May
1904-06-01,-0.519,-0.708,-0.335,1904.0,1900.0,Jun
1904-07-01,-0.523,-0.748,-0.294,1904.0,1900.0,Jul
1904-08-01,-0.474,-0.74,-0.214,1904.0,1900.0,Aug
1904-09-01,-0.478,-0.741,-0.219,1904.0,1900.0,Sep
1904-10-01,-0.476,-0.701,-0.247,1904.0,1900.0,Oct
1904-11-01,-0.381,-0.585,-0.178,1904.0,1900.0,Nov
1904-12-01,-0.409,-0.623,-0.196,1904.0,1900.0,Dec
1905-01-01,-0.46,-0.728,-0.189,1905.0,1900.0,Jan
1905-02-01,-0.7,-0.94,-0.473,1905.0,1900.0,Feb
1905-03-01,-0.463,-0.688,-0.24,1905.0,1900.0,Mar
1905-04-01,-0.552,-0.764,-0.334,1905.0,1900.0,Apr
1905-05-01,-0.344,-0.572,-0.124,1905.0,1900.0,May
1905-06-01,-0.321,-0.51,-0.137,1905.0,1900.0,Jun
1905-07-01,-0.298,-0.516,-0.074,1905.0,1900.0,Jul
1905-08-01,-0.303,-0.571,-0.041,1905.0,1900.0,Aug
1905-09-01,-0.316,-0.573,-0.06,1905.0,1900.0,Sep
1905-10-01,-0.363,-0.585,-0.139,1905.0,1900.0,Oct
1905-11-01,-0.221,-0.424,-0.02,1905.0,1900.0,Nov
1905-12-01,-0.195,-0.403,0.012,1905.0,1900.0,Dec
1906-01-01,-0.07,-0.349,0.206,1906.0,1900.0,Jan
1906-02-01,-0.232,-0.475,0.003,1906.0,1900.0,Feb
1906-03-01,-0.287,-0.511,-0.065,1906.0,1900.0,Mar
1906-04-01,-0.112,-0.331,0.112,1906.0,1900.0,Apr
1906-05-01,-0.334,-0.558,-0.116,1906.0,1900.0,May
1906-06-01,-0.295,-0.478,-0.118,1906.0,1900.0,Jun
1906-07-01,-0.321,-0.54,-0.097,1906.0,1900.0,Jul
1906-08-01,-0.32,-0.581,-0.064,1906.0,1900.0,Aug
1906-09-01,-0.385,-0.635,-0.137,1906.0,1900.0,Sep
1906-10-01,-0.352,-0.589,-0.112,1906.0,1900.0,Oct
1906-11-01,-0.428,-0.636,-0.223,1906.0,1900.0,Nov
1906-12-01,-0.28,-0.485,-0.072,1906.0,1900.0,Dec
1907-01-01,-0.433,-0.678,-0.186,1907.0,1900.0,Jan
1907-02-01,-0.51,-0.748,-0.281,1907.0,1900.0,Feb
1907-03-01,-0.334,-0.554,-0.118,1907.0,1900.0,Mar
1907-04-01,-0.505,-0.716,-0.289,1907.0,1900.0,Apr
1907-05-01,-0.557,-0.78,-0.344,1907.0,1900.0,May
1907-06-01,-0.525,-0.711,-0.344,1907.0,1900.0,Jun
1907-07-01,-0.405,-0.622,-0.183,1907.0,1900.0,Jul
1907-08-01,-0.457,-0.723,-0.202,1907.0,1900.0,Aug
1907-09-01,-0.406,-0.65,-0.167,1907.0,1900.0,Sep
1907-10-01,-0.358,-0.591,-0.125,1907.0,1900.0,Oct
1907-11-01,-0.58,-0.776,-0.393,1907.0,1900.0,Nov
1907-12-01,-0.531,-0.726,-0.334,1907.0,1900.0,Dec
1908-01-01,-0.409,-0.672,-0.146,1908.0,1900.0,Jan
1908-02-01,-0.412,-0.638,-0.194,1908.0,1900.0,Feb
1908-03-01,-0.629,-0.847,-0.415,1908.0,1900.0,Mar
1908-04-01,-0.546,-0.749,-0.337,1908.0,1900.0,Apr
1908-05-01,-0.472,-0.691,-0.256,1908.0,1900.0,May
1908-06-01,-0.475,-0.667,-0.288,1908.0,1900.0,Jun
1908-07-01,-0.472,-0.688,-0.248,1908.0,1900.0,Jul
1908-08-01,-0.533,-0.796,-0.274,1908.0,1900.0,Aug
1908-09-01,-0.458,-0.71,-0.208,1908.0,1900.0,Sep
1908-10-01,-0.58,-0.798,-0.362,1908.0,1900.0,Oct
1908-11-01,-0.598,-0.793,-0.41,1908.0,1900.0,Nov
1908-12-01,-0.568,-0.761,-0.372,1908.0,1900.0,Dec
1909-01-01,-0.575,-0.826,-0.32,1909.0,1900.0,Jan
1909-02-01,-0.534,-0.765,-0.314,1909.0,1900.0,Feb
1909-03-01,-0.685,-0.899,-0.468,1909.0,1900.0,Mar
1909-04-01,-0.603,-0.805,-0.398,1909.0,1900.0,Apr
1909-05-01,-0.585,-0.802,-0.377,1909.0,1900.0,May
1909-06-01,-0.514,-0.695,-0.339,1909.0,1900.0,Jun
1909-07-01,-0.578,-0.799,-0.358,1909.0,1900.0,Jul
1909-08-01,-0.318,-0.58,-0.058,1909.0,1900.0,Aug
1909-09-01,-0.4,-0.649,-0.153,1909.0,1900.0,Sep
1909-10-01,-0.478,-0.699,-0.257,1909.0,1900.0,Oct
1909-11-01,-0.425,-0.607,-0.252,1909.0,1900.0,Nov
1909-12-01,-0.589,-0.785,-0.391,1909.0,1900.0,Dec
1910-01-01,-0.351,-0.605,-0.098,1910.0,1910.0,Jan
1910-02-01,-0.513,-0.738,-0.29,1910.0,1910.0,Feb
1910-03-01,-0.484,-0.705,-0.263,1910.0,1910.0,Mar
1910-04-01,-0.45,-0.657,-0.243,1910.0,1910.0,Apr
1910-05-01,-0.47,-0.681,-0.264,1910.0,1910.0,May
1910-06-01,-0.484,-0.659,-0.312,1910.0,1910.0,Jun
1910-07-01,-0.467,-0.684,-0.244,1910.0,1910.0,Jul
1910-08-01,-0.438,-0.708,-0.176,1910.0,1910.0,Aug
1910-09-01,-0.439,-0.683,-0.197,1910.0,1910.0,Sep
1910-10-01,-0.479,-0.697,-0.265,1910.0,1910.0,Oct
1910-11-01,-0.652,-0.836,-0.472,1910.0,1910.0,Nov
1910-12-01,-0.666,-0.862,-0.467,1910.0,1910.0,Dec
1911-01-01,-0.55,-0.792,-0.306,1911.0,1910.0,Jan
1911-02-01,-0.758,-0.972,-0.547,1911.0,1910.0,Feb
1911-03-01,-0.694,-0.902,-0.487,1911.0,1910.0,Mar
1911-04-01,-0.715,-0.912,-0.512,1911.0,1910.0,Apr
1911-05-01,-0.6,-0.805,-0.4,1911.0,1910.0,May
1911-06-01,-0.569,-0.747,-0.39,1911.0,1910.0,Jun
1911-07-01,-0.516,-0.734,-0.294,1911.0,1910.0,Jul
1911-08-01,-0.5,-0.761,-0.244,1911.0,1910.0,Aug
1911-09-01,-0.51,-0.762,-0.259,1911.0,1910.0,Sep
1911-10-01,-0.464,-0.685,-0.241,1911.0,1910.0,Oct
1911-11-01,-0.373,-0.56,-0.188,1911.0,1910.0,Nov
1911-12-01,-0.292,-0.48,-0.102,1911.0,1910.0,Dec
1912-01-01,-0.361,-0.596,-0.126,1912.0,1910.0,Jan
1912-02-01,-0.292,-0.505,-0.081,1912.0,1910.0,Feb
1912-03-01,-0.381,-0.591,-0.173,1912.0,1910.0,Mar
1912-04-01,-0.338,-0.543,-0.13,1912.0,1910.0,Apr
1912-05-01,-0.375,-0.581,-0.176,1912.0,1910.0,May
1912-06-01,-0.314,-0.491,-0.137,1912.0,1910.0,Jun
1912-07-01,-0.456,-0.662,-0.249,1912.0,1910.0,Jul
1912-08-01,-0.561,-0.82,-0.299,1912.0,1910.0,Aug
1912-09-01,-0.558,-0.798,-0.32,1912.0,1910.0,Sep
1912-10-01,-0.639,-0.861,-0.419,1912.0,1910.0,Oct
1912-11-01,-0.516,-0.712,-0.323,1912.0,1910.0,Nov
1912-12-01,-0.482,-0.67,-0.287,1912.0,1910.0,Dec
1913-01-01,-0.454,-0.693,-0.213,1913.0,1910.0,Jan
1913-02-01,-0.505,-0.715,-0.297,1913.0,1910.0,Feb
1913-03-01,-0.537,-0.747,-0.329,1913.0,1910.0,Mar
1913-04-01,-0.432,-0.634,-0.223,1913.0,1910.0,Apr
1913-05-01,-0.51,-0.714,-0.312,1913.0,1910.0,May
1913-06-01,-0.507,-0.68,-0.331,1913.0,1910.0,Jun
1913-07-01,-0.436,-0.658,-0.213,1913.0,1910.0,Jul
1913-08-01,-0.393,-0.654,-0.131,1913.0,1910.0,Aug
1913-09-01,-0.425,-0.666,-0.188,1913.0,1910.0,Sep
1913-10-01,-0.427,-0.638,-0.219,1913.0,1910.0,Oct
1913-11-01,-0.267,-0.456,-0.081,1913.0,1910.0,Nov
1913-12-01,-0.234,-0.419,-0.04,1913.0,1910.0,Dec
1914-01-01,-0.082,-0.323,0.162,1914.0,1910.0,Jan
1914-02-01,-0.216,-0.43,-0.007,1914.0,1910.0,Feb
1914-03-01,-0.329,-0.544,-0.114,1914.0,1910.0,Mar
1914-04-01,-0.387,-0.586,-0.184,1914.0,1910.0,Apr
1914-05-01,-0.28,-0.487,-0.08,1914.0,1910.0,May
1914-06-01,-0.286,-0.462,-0.113,1914.0,1910.0,Jun
1914-07-01,-0.335,-0.556,-0.114,1914.0,1910.0,Jul
1914-08-01,-0.216,-0.483,0.047,1914.0,1910.0,Aug
1914-09-01,-0.261,-0.531,0.006,1914.0,1910.0,Sep
1914-10-01,-0.151,-0.383,0.08,1914.0,1910.0,Oct
1914-11-01,-0.178,-0.388,0.029,1914.0,1910.0,Nov
1914-12-01,-0.246,-0.443,-0.047,1914.0,1910.0,Dec
1915-01-01,-0.116,-0.37,0.139,1915.0,1910.0,Jan
1915-02-01,-0.054,-0.281,0.17,1915.0,1910.0,Feb
1915-03-01,-0.193,-0.424,0.034,1915.0,1910.0,Mar
1915-04-01,-0.049,-0.268,0.173,1915.0,1910.0,Apr
1915-05-01,-0.208,-0.437,0.013,1915.0,1910.0,May
1915-06-01,-0.222,-0.428,-0.021,1915.0,1910.0,Jun
1915-07-01,-0.112,-0.363,0.141,1915.0,1910.0,Jul
1915-08-01,-0.07,-0.347,0.205,1915.0,1910.0,Aug
1915-09-01,-0.134,-0.392,0.117,1915.0,1910.0,Sep
1915-10-01,-0.258,-0.493,-0.019,1915.0,1910.0,Oct
1915-11-01,-0.134,-0.342,0.072,1915.0,1910.0,Nov
1915-12-01,-0.248,-0.459,-0.028,1915.0,1910.0,Dec
1916-01-01,-0.233,-0.498,0.039,1916.0,1910.0,Jan
1916-02-01,-0.176,-0.404,0.046,1916.0,1910.0,Feb
1916-03-01,-0.401,-0.626,-0.173,1916.0,1910.0,Mar
1916-04-01,-0.336,-0.555,-0.111,1916.0,1910.0,Apr
1916-05-01,-0.355,-0.584,-0.132,1916.0,1910.0,May
1916-06-01,-0.476,-0.676,-0.274,1916.0,1910.0,Jun
1916-07-01,-0.381,-0.619,-0.139,1916.0,1910.0,Jul
1916-08-01,-0.344,-0.609,-0.079,1916.0,1910.0,Aug
1916-09-01,-0.336,-0.577,-0.094,1916.0,1910.0,Sep
1916-10-01,-0.398,-0.626,-0.174,1916.0,1910.0,Oct
1916-11-01,-0.57,-0.766,-0.374,1916.0,1910.0,Nov
1916-12-01,-0.62,-0.841,-0.392,1916.0,1910.0,Dec
1917-01-01,-0.68,-0.933,-0.423,1917.0,1910.0,Jan
1917-02-01,-0.756,-0.994,-0.514,1917.0,1910.0,Feb
1917-03-01,-0.829,-1.056,-0.6,1917.0,1910.0,Mar
1917-04-01,-0.475,-0.695,-0.252,1917.0,1910.0,Apr
1917-05-01,-0.654,-0.886,-0.428,1917.0,1910.0,May
1917-06-01,-0.347,-0.55,-0.147,1917.0,1910.0,Jun
1917-07-01,-0.119,-0.365,0.128,1917.0,1910.0,Jul
1917-08-01,-0.216,-0.505,0.07,1917.0,1910.0,Aug
1917-09-01,-0.123,-0.381,0.133,1917.0,1910.0,Sep
1917-10-01,-0.385,-0.614,-0.155,1917.0,1910.0,Oct
1917-11-01,-0.389,-0.586,-0.184,1917.0,1910.0,Nov
1917-12-01,-0.622,-0.836,-0.405,1917.0,1910.0,Dec
1918-01-01,-0.501,-0.769,-0.229,1918.0,1910.0,Jan
1918-02-01,-0.512,-0.737,-0.29,1918.0,1910.0,Feb
1918-03-01,-0.44,-0.686,-0.196,1918.0,1910.0,Mar
1918-04-01,-0.488,-0.726,-0.243,1918.0,1910.0,Apr
1918-05-01,-0.427,-0.67,-0.19,1918.0,1910.0,May
1918-06-01,-0.332,-0.556,-0.107,1918.0,1910.0,Jun
1918-07-01,-0.338,-0.592,-0.082,1918.0,1910.0,Jul
1918-08-01,-0.359,-0.644,-0.073,1918.0,1910.0,Aug
1918-09-01,-0.239,-0.511,0.023,1918.0,1910.0,Sep
1918-10-01,-0.095,-0.349,0.16,1918.0,1910.0,Oct
1918-11-01,-0.038,-0.26,0.185,1918.0,1910.0,Nov
1918-12-01,-0.223,-0.463,0.022,1918.0,1910.0,Dec
1919-01-01,-0.095,-0.378,0.196,1919.0,1910.0,Jan
1919-02-01,-0.08,-0.319,0.162,1919.0,1910.0,Feb
1919-03-01,-0.303,-0.553,-0.059,1919.0,1910.0,Mar
1919-04-01,-0.076,-0.316,0.166,1919.0,1910.0,Apr
1919-05-01,-0.263,-0.481,-0.047,1919.0,1910.0,May
1919-06-01,-0.25,-0.453,-0.051,1919.0,1910.0,Jun
1919-07-01,-0.363,-0.602,-0.119,1919.0,1910.0,Jul
1919-08-01,-0.328,-0.611,-0.053,1919.0,1910.0,Aug
1919-09-01,-0.23,-0.483,0.02,1919.0,1910.0,Sep
1919-10-01,-0.303,-0.537,-0.07,1919.0,1910.0,Oct
1919-11-01,-0.535,-0.734,-0.336,1919.0,1910.0,Nov
1919-12-01,-0.457,-0.672,-0.237,1919.0,1910.0,Dec
1920-01-01,-0.236,-0.497,0.029,1920.0,1920.0,Jan
1920-02-01,-0.419,-0.647,-0.201,1920.0,1920.0,Feb
1920-03-01,-0.111,-0.338,0.12,1920.0,1920.0,Mar
1920-04-01,-0.256,-0.49,-0.019,1920.0,1920.0,Apr
1920-05-01,-0.189,-0.407,0.019,1920.0,1920.0,May
1920-06-01,-0.211,-0.418,0.0,1920.0,1920.0,Jun
1920-07-01,-0.287,-0.529,-0.043,1920.0,1920.0,Jul
1920-08-01,-0.227,-0.493,0.041,1920.0,1920.0,Aug
1920-09-01,-0.13,-0.385,0.115,1920.0,1920.0,Sep
1920-10-01,-0.225,-0.458,0.006,1920.0,1920.0,Oct
1920-11-01,-0.282,-0.478,-0.083,1920.0,1920.0,Nov
1920-12-01,-0.341,-0.55,-0.126,1920.0,1920.0,Dec
1921-01-01,-0.136,-0.385,0.12,1921.0,1920.0,Jan
1921-02-01,-0.18,-0.402,0.039,1921.0,1920.0,Feb
1921-03-01,-0.249,-0.471,-0.024,1921.0,1920.0,Mar
1921-04-01,-0.223,-0.425,-0.014,1921.0,1920.0,Apr
1921-05-01,-0.202,-0.415,0.002,1921.0,1920.0,May
1921-06-01,-0.12,-0.316,0.07,1921.0,1920.0,Jun
1921-07-01,-0.14,-0.367,0.084,1921.0,1920.0,Jul
1921-08-01,-0.28,-0.544,-0.011,1921.0,1920.0,Aug
1921-09-01,-0.163,-0.406,0.076,1921.0,1920.0,Sep
1921-10-01,-0.14,-0.352,0.068,1921.0,1920.0,Oct
1921-11-01,-0.3,-0.49,-0.109,1921.0,1920.0,Nov
1921-12-01,-0.146,-0.349,0.059,1921.0,1920.0,Dec
1922-01-01,-0.396,-0.629,-0.16,1922.0,1920.0,Jan
1922-02-01,-0.276,-0.489,-0.069,1922.0,1920.0,Feb
1922-03-01,-0.268,-0.481,-0.051,1922.0,1920.0,Mar
1922-04-01,-0.234,-0.436,-0.023,1922.0,1920.0,Apr
1922-05-01,-0.377,-0.592,-0.168,1922.0,1920.0,May
1922-06-01,-0.324,-0.514,-0.135,1922.0,1920.0,Jun
1922-07-01,-0.226,-0.45,-0.001,1922.0,1920.0,Jul
1922-08-01,-0.347,-0.605,-0.082,1922.0,1920.0,Aug
1922-09-01,-0.28,-0.509,-0.055,1922.0,1920.0,Sep
1922-10-01,-0.324,-0.535,-0.113,1922.0,1920.0,Oct
1922-11-01,-0.287,-0.47,-0.105,1922.0,1920.0,Nov
1922-12-01,-0.301,-0.502,-0.102,1922.0,1920.0,Dec
1923-01-01,-0.228,-0.449,-0.001,1923.0,1920.0,Jan
1923-02-01,-0.409,-0.623,-0.204,1923.0,1920.0,Feb
1923-03-01,-0.405,-0.61,-0.197,1923.0,1920.0,Mar
1923-04-01,-0.356,-0.556,-0.151,1923.0,1920.0,Apr
1923-05-01,-0.318,-0.523,-0.116,1923.0,1920.0,May
1923-06-01,-0.242,-0.426,-0.069,1923.0,1920.0,Jun
1923-07-01,-0.351,-0.569,-0.138,1923.0,1920.0,Jul
1923-08-01,-0.378,-0.642,-0.112,1923.0,1920.0,Aug
1923-09-01,-0.322,-0.555,-0.093,1923.0,1920.0,Sep
1923-10-01,-0.267,-0.474,-0.057,1923.0,1920.0,Oct
1923-11-01,-0.018,-0.195,0.158,1923.0,1920.0,Nov
1923-12-01,-0.006,-0.197,0.185,1923.0,1920.0,Dec
1924-01-01,-0.313,-0.54,-0.079,1924.0,1920.0,Jan
1924-02-01,-0.2,-0.407,0.004,1924.0,1920.0,Feb
1924-03-01,-0.269,-0.483,-0.055,1924.0,1920.0,Mar
1924-04-01,-0.281,-0.48,-0.073,1924.0,1920.0,Apr
1924-05-01,-0.24,-0.452,-0.032,1924.0,1920.0,May
1924-06-01,-0.216,-0.399,-0.038,1924.0,1920.0,Jun
1924-07-01,-0.263,-0.492,-0.039,1924.0,1920.0,Jul
1924-08-01,-0.277,-0.539,-0.015,1924.0,1920.0,Aug
1924-09-01,-0.28,-0.52,-0.037,1924.0,1920.0,Sep
1924-10-01,-0.31,-0.529,-0.093,1924.0,1920.0,Oct
1924-11-01,-0.359,-0.541,-0.181,1924.0,1920.0,Nov
1924-12-01,-0.524,-0.726,-0.324,1924.0,1920.0,Dec
1925-01-01,-0.399,-0.632,-0.166,1925.0,1920.0,Jan
1925-02-01,-0.302,-0.509,-0.096,1925.0,1920.0,Feb
1925-03-01,-0.222,-0.433,-0.008,1925.0,1920.0,Mar
1925-04-01,-0.275,-0.471,-0.069,1925.0,1920.0,Apr
1925-05-01,-0.257,-0.47,-0.051,1925.0,1920.0,May
1925-06-01,-0.257,-0.443,-0.079,1925.0,1920.0,Jun
1925-07-01,-0.218,-0.439,0.001,1925.0,1920.0,Jul
1925-08-01,-0.128,-0.391,0.142,1925.0,1920.0,Aug
1925-09-01,-0.188,-0.431,0.056,1925.0,1920.0,Sep
1925-10-01,-0.305,-0.51,-0.102,1925.0,1920.0,Oct
1925-11-01,-0.054,-0.238,0.121,1925.0,1920.0,Nov
1925-12-01,0.006,-0.189,0.204,1925.0,1920.0,Dec
1926-01-01,0.089,-0.142,0.319,1926.0,1920.0,Jan
1926-02-01,-0.042,-0.246,0.163,1926.0,1920.0,Feb
1926-03-01,-0.023,-0.233,0.185,1926.0,1920.0,Mar
1926-04-01,-0.173,-0.373,0.034,1926.0,1920.0,Apr
1926-05-01,-0.214,-0.423,-0.007,1926.0,1920.0,May
1926-06-01,-0.088,-0.274,0.091,1926.0,1920.0,Jun
1926-07-01,-0.235,-0.458,-0.009,1926.0,1920.0,Jul
1926-08-01,-0.085,-0.345,0.181,1926.0,1920.0,Aug
1926-09-01,-0.102,-0.34,0.137,1926.0,1920.0,Sep
1926-10-01,-0.084,-0.284,0.12,1926.0,1920.0,Oct
1926-11-01,-0.109,-0.288,0.067,1926.0,1920.0,Nov
1926-12-01,-0.232,-0.424,-0.046,1926.0,1920.0,Dec
1927-01-01,-0.254,-0.483,-0.016,1927.0,1920.0,Jan
1927-02-01,-0.144,-0.348,0.06,1927.0,1920.0,Feb
1927-03-01,-0.324,-0.532,-0.115,1927.0,1920.0,Mar
1927-04-01,-0.256,-0.451,-0.053,1927.0,1920.0,Apr
1927-05-01,-0.256,-0.458,-0.055,1927.0,1920.0,May
1927-06-01,-0.236,-0.417,-0.06,1927.0,1920.0,Jun
1927-07-01,-0.144,-0.366,0.076,1927.0,1920.0,Jul
1927-08-01,-0.142,-0.395,0.115,1927.0,1920.0,Aug
1927-09-01,-0.132,-0.369,0.104,1927.0,1920.0,Sep
1927-10-01,-0.04,-0.238,0.159,1927.0,1920.0,Oct
1927-11-01,-0.173,-0.351,0.004,1927.0,1920.0,Nov
1927-12-01,-0.425,-0.618,-0.234,1927.0,1920.0,Dec
1928-01-01,-0.05,-0.273,0.178,1928.0,1920.0,Jan
1928-02-01,-0.138,-0.337,0.059,1928.0,1920.0,Feb
1928-03-01,-0.338,-0.544,-0.127,1928.0,1920.0,Mar
1928-04-01,-0.253,-0.449,-0.05,1928.0,1920.0,Apr
1928-05-01,-0.282,-0.482,-0.086,1928.0,1920.0,May
1928-06-01,-0.342,-0.522,-0.167,1928.0,1920.0,Jun
1928-07-01,-0.164,-0.383,0.054,1928.0,1920.0,Jul
1928-08-01,-0.174,-0.423,0.086,1928.0,1920.0,Aug
1928-09-01,-0.22,-0.46,0.02,1928.0,1920.0,Sep
1928-10-01,-0.165,-0.364,0.037,1928.0,1920.0,Oct
1928-11-01,-0.151,-0.338,0.026,1928.0,1920.0,Nov
1928-12-01,-0.236,-0.426,-0.046,1928.0,1920.0,Dec
1929-01-01,-0.48,-0.704,-0.252,1929.0,1920.0,Jan
1929-02-01,-0.662,-0.862,-0.464,1929.0,1920.0,Feb
1929-03-01,-0.408,-0.613,-0.195,1929.0,1920.0,Mar
1929-04-01,-0.387,-0.583,-0.186,1929.0,1920.0,Apr
1929-05-01,-0.387,-0.595,-0.181,1929.0,1920.0,May
1929-06-01,-0.348,-0.526,-0.173,1929.0,1920.0,Jun
1929-07-01,-0.36,-0.577,-0.144,1929.0,1920.0,Jul
1929-08-01,-0.188,-0.452,0.078,1929.0,1920.0,Aug
1929-09-01,-0.264,-0.496,-0.028,1929.0,1920.0,Sep
1929-10-01,-0.177,-0.375,0.025,1929.0,1920.0,Oct
1929-11-01,-0.071,-0.25,0.104,1929.0,1920.0,Nov
1929-12-01,-0.47,-0.665,-0.282,1929.0,1920.0,Dec
1930-01-01,-0.326,-0.557,-0.098,1930.0,1930.0,Jan
1930-02-01,-0.288,-0.482,-0.094,1930.0,1930.0,Feb
1930-03-01,-0.153,-0.362,0.063,1930.0,1930.0,Mar
1930-04-01,-0.189,-0.394,0.013,1930.0,1930.0,Apr
1930-05-01,-0.197,-0.405,0.007,1930.0,1930.0,May
1930-06-01,-0.162,-0.345,0.021,1930.0,1930.0,Jun
1930-07-01,-0.12,-0.344,0.11,1930.0,1930.0,Jul
1930-08-01,-0.055,-0.321,0.214,1930.0,1930.0,Aug
1930-09-01,-0.076,-0.323,0.165,1930.0,1930.0,Sep
1930-10-01,-0.089,-0.285,0.114,1930.0,1930.0,Oct
1930-11-01,0.081,-0.106,0.263,1930.0,1930.0,Nov
1930-12-01,-0.069,-0.271,0.122,1930.0,1930.0,Dec
1931-01-01,-0.001,-0.222,0.219,1931.0,1930.0,Jan
1931-02-01,-0.147,-0.341,0.047,1931.0,1930.0,Feb
1931-03-01,-0.119,-0.325,0.094,1931.0,1930.0,Mar
1931-04-01,-0.178,-0.382,0.028,1931.0,1930.0,Apr
1931-05-01,-0.161,-0.367,0.04,1931.0,1930.0,May
1931-06-01,-0.034,-0.216,0.146,1931.0,1930.0,Jun
1931-07-01,0.007,-0.226,0.24,1931.0,1930.0,Jul
1931-08-01,-0.048,-0.309,0.224,1931.0,1930.0,Aug
1931-09-01,-0.047,-0.285,0.185,1931.0,1930.0,Sep
1931-10-01,-0.04,-0.25,0.178,1931.0,1930.0,Oct
1931-11-01,-0.147,-0.332,0.031,1931.0,1930.0,Nov
1931-12-01,-0.1,-0.3,0.086,1931.0,1930.0,Dec
1932-01-01,0.162,-0.061,0.384,1932.0,1930.0,Jan
1932-02-01,-0.192,-0.391,0.009,1932.0,1930.0,Feb
1932-03-01,-0.24,-0.446,-0.026,1932.0,1930.0,Mar
1932-04-01,-0.063,-0.261,0.134,1932.0,1930.0,Apr
1932-05-01,-0.168,-0.37,0.028,1932.0,1930.0,May
1932-06-01,-0.192,-0.368,-0.014,1932.0,1930.0,Jun
1932-07-01,-0.129,-0.35,0.098,1932.0,1930.0,Jul
1932-08-01,-0.198,-0.47,0.08,1932.0,1930.0,Aug
1932-09-01,-0.039,-0.275,0.193,1932.0,1930.0,Sep
1932-10-01,-0.171,-0.365,0.032,1932.0,1930.0,Oct
1932-11-01,-0.227,-0.402,-0.061,1932.0,1930.0,Nov
1932-12-01,-0.192,-0.387,-0.009,1932.0,1930.0,Dec
1933-01-01,-0.284,-0.511,-0.059,1933.0,1930.0,Jan
1933-02-01,-0.316,-0.511,-0.121,1933.0,1930.0,Feb
1933-03-01,-0.34,-0.529,-0.143,1933.0,1930.0,Mar
1933-04-01,-0.216,-0.419,-0.017,1933.0,1930.0,Apr
1933-05-01,-0.212,-0.413,-0.012,1933.0,1930.0,May
1933-06-01,-0.26,-0.443,-0.076,1933.0,1930.0,Jun
1933-07-01,-0.185,-0.407,0.042,1933.0,1930.0,Jul
1933-08-01,-0.176,-0.432,0.088,1933.0,1930.0,Aug
1933-09-01,-0.234,-0.466,-0.004,1933.0,1930.0,Sep
1933-10-01,-0.195,-0.386,0.007,1933.0,1930.0,Oct
1933-11-01,-0.306,-0.484,-0.137,1933.0,1930.0,Nov
1933-12-01,-0.525,-0.713,-0.348,1933.0,1930.0,Dec
1934-01-01,-0.216,-0.432,-0.002,1934.0,1930.0,Jan
1934-02-01,-0.163,-0.348,0.021,1934.0,1930.0,Feb
1934-03-01,-0.388,-0.579,-0.191,1934.0,1930.0,Mar
1934-04-01,-0.246,-0.446,-0.049,1934.0,1930.0,Apr
1934-05-01,-0.079,-0.28,0.113,1934.0,1930.0,May
1934-06-01,-0.041,-0.224,0.144,1934.0,1930.0,Jun
1934-07-01,-0.065,-0.287,0.158,1934.0,1930.0,Jul
1934-08-01,-0.059,-0.324,0.21,1934.0,1930.0,Aug
1934-09-01,-0.097,-0.329,0.132,1934.0,1930.0,Sep
1934-10-01,-0.085,-0.278,0.117,1934.0,1930.0,Oct
1934-11-01,0.025,-0.146,0.187,1934.0,1930.0,Nov
1934-12-01,-0.133,-0.322,0.048,1934.0,1930.0,Dec
1935-01-01,-0.225,-0.443,-0.008,1935.0,1930.0,Jan
1935-02-01,0.104,-0.082,0.292,1935.0,1930.0,Feb
1935-03-01,-0.225,-0.41,-0.033,1935.0,1930.0,Mar
1935-04-01,-0.264,-0.459,-0.07,1935.0,1930.0,Apr
1935-05-01,-0.241,-0.441,-0.044,1935.0,1930.0,May
1935-06-01,-0.185,-0.365,-0.001,1935.0,1930.0,Jun
1935-07-01,-0.141,-0.358,0.078,1935.0,1930.0,Jul
1935-08-01,-0.152,-0.412,0.113,1935.0,1930.0,Aug
1935-09-01,-0.139,-0.372,0.092,1935.0,1930.0,Sep
1935-10-01,-0.074,-0.262,0.123,1935.0,1930.0,Oct
1935-11-01,-0.293,-0.462,-0.129,1935.0,1930.0,Nov
1935-12-01,-0.259,-0.455,-0.075,1935.0,1930.0,Dec
1936-01-01,-0.298,-0.509,-0.088,1936.0,1930.0,Jan
1936-02-01,-0.356,-0.538,-0.172,1936.0,1930.0,Feb
1936-03-01,-0.295,-0.474,-0.107,1936.0,1930.0,Mar
1936-04-01,-0.201,-0.383,-0.019,1936.0,1930.0,Apr
1936-05-01,-0.149,-0.345,0.04,1936.0,1930.0,May
1936-06-01,-0.162,-0.334,0.016,1936.0,1930.0,Jun
1936-07-01,-0.02,-0.231,0.193,1936.0,1930.0,Jul
1936-08-01,-0.042,-0.296,0.219,1936.0,1930.0,Aug
1936-09-01,-0.104,-0.335,0.125,1936.0,1930.0,Sep
1936-10-01,-0.0,-0.186,0.191,1936.0,1930.0,Oct
1936-11-01,-0.065,-0.23,0.1,1936.0,1930.0,Nov
1936-12-01,-0.008,-0.201,0.172,1936.0,1930.0,Dec
1937-01-01,-0.127,-0.349,0.093,1937.0,1930.0,Jan
1937-02-01,0.037,-0.146,0.225,1937.0,1930.0,Feb
1937-03-01,-0.27,-0.451,-0.08,1937.0,1930.0,Mar
1937-04-01,-0.125,-0.31,0.058,1937.0,1930.0,Apr
1937-05-01,-0.077,-0.269,0.108,1937.0,1930.0,May
1937-06-01,-0.009,-0.182,0.171,1937.0,1930.0,Jun
1937-07-01,0.05,-0.163,0.264,1937.0,1930.0,Jul
1937-08-01,0.084,-0.169,0.342,1937.0,1930.0,Aug
1937-09-01,0.113,-0.118,0.343,1937.0,1930.0,Sep
1937-10-01,0.123,-0.062,0.319,1937.0,1930.0,Oct
1937-11-01,0.007,-0.157,0.167,1937.0,1930.0,Nov
1937-12-01,-0.097,-0.295,0.09,1937.0,1930.0,Dec
1938-01-01,0.02,-0.199,0.238,1938.0,1930.0,Jan
1938-02-01,0.023,-0.16,0.206,1938.0,1930.0,Feb
1938-03-01,0.065,-0.111,0.251,1938.0,1930.0,Mar
1938-04-01,0.084,-0.102,0.272,1938.0,1930.0,Apr
1938-05-01,-0.088,-0.285,0.099,1938.0,1930.0,May
1938-06-01,-0.06,-0.235,0.116,1938.0,1930.0,Jun
1938-07-01,-0.046,-0.262,0.167,1938.0,1930.0,Jul
1938-08-01,0.012,-0.244,0.276,1938.0,1930.0,Aug
1938-09-01,0.058,-0.182,0.297,1938.0,1930.0,Sep
1938-10-01,0.147,-0.045,0.346,1938.0,1930.0,Oct
1938-11-01,0.02,-0.148,0.183,1938.0,1930.0,Nov
1938-12-01,-0.289,-0.483,-0.104,1938.0,1930.0,Dec
1939-01-01,-0.07,-0.292,0.154,1939.0,1930.0,Jan
1939-02-01,-0.042,-0.227,0.14,1939.0,1930.0,Feb
1939-03-01,-0.256,-0.437,-0.068,1939.0,1930.0,Mar
1939-04-01,-0.093,-0.274,0.088,1939.0,1930.0,Apr
1939-05-01,-0.027,-0.223,0.161,1939.0,1930.0,May
1939-06-01,0.064,-0.111,0.242,1939.0,1930.0,Jun
1939-07-01,0.051,-0.167,0.267,1939.0,1930.0,Jul
1939-08-01,0.039,-0.226,0.303,1939.0,1930.0,Aug
1939-09-01,-0.074,-0.32,0.172,1939.0,1930.0,Sep
1939-10-01,-0.272,-0.482,-0.061,1939.0,1930.0,Oct
1939-11-01,-0.121,-0.302,0.057,1939.0,1930.0,Nov
1939-12-01,0.224,0.037,0.407,1939.0,1930.0,Dec
1940-01-01,-0.181,-0.411,0.051,1940.0,1940.0,Jan
1940-02-01,-0.039,-0.213,0.131,1940.0,1940.0,Feb
1940-03-01,-0.114,-0.307,0.084,1940.0,1940.0,Mar
1940-04-01,0.057,-0.143,0.257,1940.0,1940.0,Apr
1940-05-01,0.022,-0.185,0.227,1940.0,1940.0,May
1940-06-01,0.033,-0.157,0.226,1940.0,1940.0,Jun
1940-07-01,0.142,-0.087,0.363,1940.0,1940.0,Jul
1940-08-01,0.048,-0.21,0.308,1940.0,1940.0,Aug
1940-09-01,0.124,-0.125,0.378,1940.0,1940.0,Sep
1940-10-01,0.01,-0.2,0.219,1940.0,1940.0,Oct
1940-11-01,-0.062,-0.252,0.123,1940.0,1940.0,Nov
1940-12-01,0.162,-0.052,0.371,1940.0,1940.0,Dec
1941-01-01,-0.093,-0.319,0.132,1941.0,1940.0,Jan
1941-02-01,-0.018,-0.187,0.152,1941.0,1940.0,Feb
1941-03-01,-0.139,-0.329,0.051,1941.0,1940.0,Mar
1941-04-01,0.019,-0.174,0.209,1941.0,1940.0,Apr
1941-05-01,-0.022,-0.217,0.167,1941.0,1940.0,May
1941-06-01,0.121,-0.057,0.294,1941.0,1940.0,Jun
1941-07-01,0.115,-0.101,0.331,1941.0,1940.0,Jul
1941-08-01,0.017,-0.227,0.262,1941.0,1940.0,Aug
1941-09-01,-0.128,-0.367,0.106,1941.0,1940.0,Sep
1941-10-01,0.221,0.028,0.406,1941.0,1940.0,Oct
1941-11-01,0.054,-0.129,0.228,1941.0,1940.0,Nov
1941-12-01,0.093,-0.133,0.315,1941.0,1940.0,Dec
1942-01-01,0.211,-0.034,0.453,1942.0,1940.0,Jan
1942-02-01,-0.079,-0.272,0.116,1942.0,1940.0,Feb
1942-03-01,-0.087,-0.296,0.112,1942.0,1940.0,Mar
1942-04-01,-0.063,-0.256,0.124,1942.0,1940.0,Apr
1942-05-01,-0.012,-0.222,0.189,1942.0,1940.0,May
1942-06-01,0.035,-0.165,0.233,1942.0,1940.0,Jun
1942-07-01,-0.077,-0.3,0.144,1942.0,1940.0,Jul
1942-08-01,-0.066,-0.333,0.198,1942.0,1940.0,Aug
1942-09-01,0.005,-0.241,0.246,1942.0,1940.0,Sep
1942-10-01,-0.077,-0.291,0.132,1942.0,1940.0,Oct
1942-11-01,-0.07,-0.253,0.11,1942.0,1940.0,Nov
1942-12-01,0.011,-0.199,0.213,1942.0,1940.0,Dec
1943-01-01,-0.203,-0.449,0.042,1943.0,1940.0,Jan
1943-02-01,0.069,-0.139,0.279,1943.0,1940.0,Feb
1943-03-01,-0.199,-0.401,-0.003,1943.0,1940.0,Mar
1943-04-01,0.006,-0.183,0.194,1943.0,1940.0,Apr
1943-05-01,-0.017,-0.223,0.186,1943.0,1940.0,May
1943-06-01,-0.096,-0.299,0.104,1943.0,1940.0,Jun
1943-07-01,-0.006,-0.249,0.235,1943.0,1940.0,Jul
1943-08-01,-0.009,-0.277,0.258,1943.0,1940.0,Aug
1943-09-01,-0.015,-0.264,0.229,1943.0,1940.0,Sep
1943-10-01,0.239,0.023,0.448,1943.0,1940.0,Oct
1943-11-01,0.026,-0.159,0.21,1943.0,1940.0,Nov
1943-12-01,0.195,-0.002,0.388,1943.0,1940.0,Dec
1944-01-01,0.288,0.064,0.511,1944.0,1940.0,Jan
1944-02-01,0.138,-0.044,0.323,1944.0,1940.0,Feb
1944-03-01,0.141,-0.054,0.33,1944.0,1940.0,Mar
1944-04-01,0.054,-0.129,0.235,1944.0,1940.0,Apr
1944-05-01,0.062,-0.137,0.257,1944.0,1940.0,May
1944-06-01,0.15,-0.037,0.332,1944.0,1940.0,Jun
1944-07-01,0.218,-0.018,0.449,1944.0,1940.0,Jul
1944-08-01,0.234,-0.032,0.495,1944.0,1940.0,Aug
1944-09-01,0.298,0.056,0.537,1944.0,1940.0,Sep
1944-10-01,0.213,0.0,0.419,1944.0,1940.0,Oct
1944-11-01,0.011,-0.185,0.203,1944.0,1940.0,Nov
1944-12-01,-0.018,-0.223,0.178,1944.0,1940.0,Dec
1945-01-01,-0.0,-0.228,0.223,1945.0,1940.0,Jan
1945-02-01,-0.091,-0.292,0.11,1945.0,1940.0,Feb
1945-03-01,-0.043,-0.238,0.148,1945.0,1940.0,Mar
1945-04-01,0.168,-0.015,0.346,1945.0,1940.0,Apr
1945-05-01,-0.108,-0.318,0.103,1945.0,1940.0,May
1945-06-01,-0.002,-0.197,0.189,1945.0,1940.0,Jun
1945-07-01,-0.087,-0.33,0.156,1945.0,1940.0,Jul
1945-08-01,0.36,0.101,0.618,1945.0,1940.0,Aug
1945-09-01,0.161,-0.112,0.431,1945.0,1940.0,Sep
1945-10-01,0.183,-0.055,0.413,1945.0,1940.0,Oct
1945-11-01,-0.009,-0.203,0.182,1945.0,1940.0,Nov
1945-12-01,-0.206,-0.393,-0.018,1945.0,1940.0,Dec
1946-01-01,0.095,-0.134,0.326,1946.0,1940.0,Jan
1946-02-01,0.04,-0.151,0.232,1946.0,1940.0,Feb
1946-03-01,-0.06,-0.246,0.125,1946.0,1940.0,Mar
1946-04-01,0.135,-0.046,0.315,1946.0,1940.0,Apr
1946-05-01,-0.117,-0.314,0.073,1946.0,1940.0,May
1946-06-01,-0.263,-0.446,-0.076,1946.0,1940.0,Jun
1946-07-01,-0.05,-0.266,0.168,1946.0,1940.0,Jul
1946-08-01,-0.152,-0.397,0.085,1946.0,1940.0,Aug
1946-09-01,-0.011,-0.251,0.222,1946.0,1940.0,Sep
1946-10-01,-0.053,-0.246,0.144,1946.0,1940.0,Oct
1946-11-01,-0.092,-0.254,0.066,1946.0,1940.0,Nov
1946-12-01,-0.356,-0.536,-0.182,1946.0,1940.0,Dec
1947-01-01,-0.111,-0.33,0.106,1947.0,1940.0,Jan
1947-02-01,-0.178,-0.349,-0.003,1947.0,1940.0,Feb
1947-03-01,-0.066,-0.249,0.117,1947.0,1940.0,Mar
1947-04-01,0.093,-0.085,0.273,1947.0,1940.0,Apr
1947-05-01,-0.06,-0.261,0.137,1947.0,1940.0,May
1947-06-01,0.004,-0.171,0.181,1947.0,1940.0,Jun
1947-07-01,-0.007,-0.223,0.213,1947.0,1940.0,Jul
1947-08-01,-0.041,-0.286,0.2,1947.0,1940.0,Aug
1947-09-01,-0.072,-0.308,0.163,1947.0,1940.0,Sep
1947-10-01,0.08,-0.125,0.291,1947.0,1940.0,Oct
1947-11-01,0.043,-0.129,0.202,1947.0,1940.0,Nov
1947-12-01,-0.172,-0.353,0.002,1947.0,1940.0,Dec
1948-01-01,0.087,-0.117,0.29,1948.0,1940.0,Jan
1948-02-01,-0.123,-0.309,0.069,1948.0,1940.0,Feb
1948-03-01,-0.178,-0.355,0.001,1948.0,1940.0,Mar
1948-04-01,-0.041,-0.222,0.138,1948.0,1940.0,Apr
1948-05-01,0.11,-0.091,0.304,1948.0,1940.0,May
1948-06-01,0.069,-0.106,0.246,1948.0,1940.0,Jun
1948-07-01,-0.11,-0.324,0.109,1948.0,1940.0,Jul
1948-08-01,-0.002,-0.241,0.236,1948.0,1940.0,Aug
1948-09-01,-0.054,-0.282,0.168,1948.0,1940.0,Sep
1948-10-01,0.027,-0.163,0.225,1948.0,1940.0,Oct
1948-11-01,-0.049,-0.214,0.109,1948.0,1940.0,Nov
1948-12-01,-0.2,-0.384,-0.017,1948.0,1940.0,Dec
1949-01-01,0.151,-0.039,0.34,1949.0,1940.0,Jan
1949-02-01,-0.149,-0.304,0.01,1949.0,1940.0,Feb
1949-03-01,-0.175,-0.329,-0.016,1949.0,1940.0,Mar
1949-04-01,0.007,-0.16,0.175,1949.0,1940.0,Apr
1949-05-01,-0.045,-0.23,0.135,1949.0,1940.0,May
1949-06-01,-0.187,-0.353,-0.019,1949.0,1940.0,Jun
1949-07-01,-0.092,-0.301,0.119,1949.0,1940.0,Jul
1949-08-01,-0.037,-0.29,0.209,1949.0,1940.0,Aug
1949-09-01,-0.071,-0.293,0.146,1949.0,1940.0,Sep
1949-10-01,-0.031,-0.204,0.146,1949.0,1940.0,Oct
1949-11-01,-0.077,-0.229,0.072,1949.0,1940.0,Nov
1949-12-01,-0.185,-0.353,-0.017,1949.0,1940.0,Dec
1950-01-01,-0.326,-0.512,-0.14,1950.0,1950.0,Jan
1950-02-01,-0.244,-0.401,-0.083,1950.0,1950.0,Feb
1950-03-01,-0.178,-0.335,-0.02,1950.0,1950.0,Mar
1950-04-01,-0.168,-0.334,-0.002,1950.0,1950.0,Apr
1950-05-01,-0.089,-0.269,0.088,1950.0,1950.0,May
1950-06-01,-0.074,-0.24,0.095,1950.0,1950.0,Jun
1950-07-01,-0.044,-0.242,0.165,1950.0,1950.0,Jul
1950-08-01,-0.113,-0.353,0.128,1950.0,1950.0,Aug
1950-09-01,-0.105,-0.327,0.117,1950.0,1950.0,Sep
1950-10-01,-0.128,-0.299,0.048,1950.0,1950.0,Oct
1950-11-01,-0.389,-0.535,-0.245,1950.0,1950.0,Nov
1950-12-01,-0.249,-0.405,-0.093,1950.0,1950.0,Dec
1951-01-01,-0.353,-0.528,-0.177,1951.0,1950.0,Jan
1951-02-01,-0.461,-0.606,-0.309,1951.0,1950.0,Feb
1951-03-01,-0.292,-0.447,-0.138,1951.0,1950.0,Mar
1951-04-01,-0.104,-0.27,0.061,1951.0,1950.0,Apr
1951-05-01,-0.015,-0.193,0.161,1951.0,1950.0,May
1951-06-01,0.034,-0.126,0.197,1951.0,1950.0,Jun
1951-07-01,0.045,-0.167,0.265,1951.0,1950.0,Jul
1951-08-01,0.137,-0.1,0.377,1951.0,1950.0,Aug
1951-09-01,0.092,-0.123,0.312,1951.0,1950.0,Sep
1951-10-01,0.133,-0.037,0.307,1951.0,1950.0,Oct
1951-11-01,-0.037,-0.177,0.103,1951.0,1950.0,Nov
1951-12-01,0.178,0.031,0.326,1951.0,1950.0,Dec
1952-01-01,0.185,0.01,0.361,1952.0,1950.0,Jan
1952-02-01,0.133,-0.005,0.28,1952.0,1950.0,Feb
1952-03-01,-0.129,-0.277,0.019,1952.0,1950.0,Mar
1952-04-01,0.056,-0.106,0.218,1952.0,1950.0,Apr
1952-05-01,0.042,-0.135,0.216,1952.0,1950.0,May
1952-06-01,0.04,-0.118,0.199,1952.0,1950.0,Jun
1952-07-01,0.099,-0.103,0.307,1952.0,1950.0,Jul
1952-08-01,0.094,-0.146,0.332,1952.0,1950.0,Aug
1952-09-01,0.099,-0.119,0.321,1952.0,1950.0,Sep
1952-10-01,-0.006,-0.171,0.165,1952.0,1950.0,Oct
1952-11-01,-0.186,-0.333,-0.044,1952.0,1950.0,Nov
1952-12-01,-0.059,-0.206,0.094,1952.0,1950.0,Dec
1953-01-01,0.065,-0.102,0.232,1953.0,1950.0,Jan
1953-02-01,0.143,0.004,0.289,1953.0,1950.0,Feb
1953-03-01,0.127,-0.024,0.279,1953.0,1950.0,Mar
1953-04-01,0.196,0.037,0.358,1953.0,1950.0,Apr
1953-05-01,0.14,-0.035,0.318,1953.0,1950.0,May
1953-06-01,0.166,0.003,0.33,1953.0,1950.0,Jun
1953-07-01,0.051,-0.148,0.255,1953.0,1950.0,Jul
1953-08-01,0.097,-0.141,0.333,1953.0,1950.0,Aug
1953-09-01,0.077,-0.134,0.295,1953.0,1950.0,Sep
1953-10-01,0.075,-0.095,0.246,1953.0,1950.0,Oct
1953-11-01,-0.07,-0.214,0.073,1953.0,1950.0,Nov
1953-12-01,0.091,-0.063,0.252,1953.0,1950.0,Dec
1954-01-01,-0.235,-0.41,-0.059,1954.0,1950.0,Jan
1954-02-01,-0.084,-0.225,0.063,1954.0,1950.0,Feb
1954-03-01,-0.152,-0.305,0.006,1954.0,1950.0,Mar
1954-04-01,-0.146,-0.308,0.016,1954.0,1950.0,Apr
1954-05-01,-0.206,-0.377,-0.034,1954.0,1950.0,May
1954-06-01,-0.129,-0.287,0.029,1954.0,1950.0,Jun
1954-07-01,-0.198,-0.398,0.009,1954.0,1950.0,Jul
1954-08-01,-0.092,-0.33,0.143,1954.0,1950.0,Aug
1954-09-01,-0.086,-0.301,0.132,1954.0,1950.0,Sep
1954-10-01,-0.033,-0.199,0.134,1954.0,1950.0,Oct
1954-11-01,0.023,-0.115,0.162,1954.0,1950.0,Nov
1954-12-01,-0.232,-0.38,-0.079,1954.0,1950.0,Dec
1955-01-01,0.127,-0.036,0.293,1955.0,1950.0,Jan
1955-02-01,-0.166,-0.302,-0.023,1955.0,1950.0,Feb
1955-03-01,-0.404,-0.553,-0.258,1955.0,1950.0,Mar
1955-04-01,-0.245,-0.405,-0.087,1955.0,1950.0,Apr
1955-05-01,-0.236,-0.406,-0.067,1955.0,1950.0,May
1955-06-01,-0.167,-0.32,-0.012,1955.0,1950.0,Jun
1955-07-01,-0.198,-0.397,0.005,1955.0,1950.0,Jul
1955-08-01,-0.062,-0.295,0.171,1955.0,1950.0,Aug
1955-09-01,-0.116,-0.326,0.098,1955.0,1950.0,Sep
1955-10-01,-0.165,-0.328,0.001,1955.0,1950.0,Oct
1955-11-01,-0.315,-0.446,-0.185,1955.0,1950.0,Nov
1955-12-01,-0.337,-0.478,-0.188,1955.0,1950.0,Dec
1956-01-01,-0.245,-0.405,-0.082,1956.0,1950.0,Jan
1956-02-01,-0.349,-0.482,-0.209,1956.0,1950.0,Feb
1956-03-01,-0.313,-0.453,-0.171,1956.0,1950.0,Mar
1956-04-01,-0.334,-0.489,-0.181,1956.0,1950.0,Apr
1956-05-01,-0.281,-0.445,-0.117,1956.0,1950.0,May
1956-06-01,-0.226,-0.376,-0.078,1956.0,1950.0,Jun
1956-07-01,-0.21,-0.402,-0.015,1956.0,1950.0,Jul
1956-08-01,-0.246,-0.476,-0.013,1956.0,1950.0,Aug
1956-09-01,-0.283,-0.49,-0.075,1956.0,1950.0,Sep
1956-10-01,-0.233,-0.394,-0.071,1956.0,1950.0,Oct
1956-11-01,-0.261,-0.391,-0.131,1956.0,1950.0,Nov
1956-12-01,-0.205,-0.345,-0.063,1956.0,1950.0,Dec
1957-01-01,-0.163,-0.311,-0.012,1957.0,1950.0,Jan
1957-02-01,-0.128,-0.256,0.004,1957.0,1950.0,Feb
1957-03-01,-0.186,-0.327,-0.043,1957.0,1950.0,Mar
1957-04-01,-0.061,-0.206,0.087,1957.0,1950.0,Apr
1957-05-01,0.05,-0.11,0.213,1957.0,1950.0,May
1957-06-01,0.086,-0.057,0.226,1957.0,1950.0,Jun
1957-07-01,0.004,-0.181,0.194,1957.0,1950.0,Jul
1957-08-01,0.096,-0.125,0.318,1957.0,1950.0,Aug
1957-09-01,0.039,-0.163,0.244,1957.0,1950.0,Sep
1957-10-01,-0.012,-0.169,0.148,1957.0,1950.0,Oct
1957-11-01,0.055,-0.067,0.177,1957.0,1950.0,Nov
1957-12-01,0.152,0.022,0.289,1957.0,1950.0,Dec
1958-01-01,0.269,0.122,0.421,1958.0,1950.0,Jan
1958-02-01,0.183,0.056,0.312,1958.0,1950.0,Feb
1958-03-01,-0.002,-0.138,0.136,1958.0,1950.0,Mar
1958-04-01,0.038,-0.105,0.18,1958.0,1950.0,Apr
1958-05-01,0.034,-0.126,0.194,1958.0,1950.0,May
1958-06-01,-0.015,-0.155,0.126,1958.0,1950.0,Jun
1958-07-01,0.041,-0.144,0.229,1958.0,1950.0,Jul
1958-08-01,0.007,-0.216,0.23,1958.0,1950.0,Aug
1958-09-01,-0.053,-0.252,0.152,1958.0,1950.0,Sep
1958-10-01,0.015,-0.135,0.168,1958.0,1950.0,Oct
1958-11-01,0.008,-0.111,0.132,1958.0,1950.0,Nov
1958-12-01,0.03,-0.107,0.17,1958.0,1950.0,Dec
1959-01-01,0.089,-0.052,0.232,1959.0,1950.0,Jan
1959-02-01,0.031,-0.088,0.151,1959.0,1950.0,Feb
1959-03-01,0.08,-0.049,0.206,1959.0,1950.0,Mar
1959-04-01,0.048,-0.099,0.192,1959.0,1950.0,Apr
1959-05-01,-0.013,-0.166,0.142,1959.0,1950.0,May
1959-06-01,0.065,-0.075,0.202,1959.0,1950.0,Jun
1959-07-01,0.03,-0.15,0.21,1959.0,1950.0,Jul
1959-08-01,0.047,-0.171,0.264,1959.0,1950.0,Aug
1959-09-01,0.04,-0.16,0.239,1959.0,1950.0,Sep
1959-10-01,-0.033,-0.182,0.117,1959.0,1950.0,Oct
1959-11-01,-0.109,-0.23,0.012,1959.0,1950.0,Nov
1959-12-01,-0.071,-0.202,0.063,1959.0,1950.0,Dec
1960-01-01,-0.031,-0.18,0.118,1960.0,1960.0,Jan
1960-02-01,0.102,-0.019,0.225,1960.0,1960.0,Feb
1960-03-01,-0.316,-0.446,-0.182,1960.0,1960.0,Mar
1960-04-01,-0.178,-0.32,-0.036,1960.0,1960.0,Apr
1960-05-01,-0.156,-0.31,-0.002,1960.0,1960.0,May
1960-06-01,-0.029,-0.168,0.11,1960.0,1960.0,Jun
1960-07-01,-0.028,-0.205,0.15,1960.0,1960.0,Jul
1960-08-01,0.009,-0.21,0.228,1960.0,1960.0,Aug
1960-09-01,0.063,-0.135,0.262,1960.0,1960.0,Sep
1960-10-01,-0.025,-0.17,0.123,1960.0,1960.0,Oct
1960-11-01,-0.149,-0.264,-0.032,1960.0,1960.0,Nov
1960-12-01,0.146,0.016,0.277,1960.0,1960.0,Dec
1961-01-01,0.05,-0.088,0.185,1961.0,1960.0,Jan
1961-02-01,0.182,0.065,0.298,1961.0,1960.0,Feb
1961-03-01,0.096,-0.032,0.227,1961.0,1960.0,Mar
1961-04-01,0.098,-0.042,0.236,1961.0,1960.0,Apr
1961-05-01,0.087,-0.066,0.241,1961.0,1960.0,May
1961-06-01,0.11,-0.024,0.242,1961.0,1960.0,Jun
1961-07-01,0.019,-0.16,0.2,1961.0,1960.0,Jul
1961-08-01,0.034,-0.183,0.249,1961.0,1960.0,Aug
1961-09-01,-0.027,-0.225,0.171,1961.0,1960.0,Sep
1961-10-01,-0.031,-0.18,0.116,1961.0,1960.0,Oct
1961-11-01,-0.018,-0.134,0.096,1961.0,1960.0,Nov
1961-12-01,-0.114,-0.246,0.02,1961.0,1960.0,Dec
1962-01-01,0.055,-0.081,0.19,1962.0,1960.0,Jan
1962-02-01,0.137,0.018,0.256,1962.0,1960.0,Feb
1962-03-01,0.029,-0.099,0.16,1962.0,1960.0,Mar
1962-04-01,0.026,-0.112,0.163,1962.0,1960.0,Apr
1962-05-01,-0.045,-0.202,0.112,1962.0,1960.0,May
1962-06-01,-0.053,-0.191,0.086,1962.0,1960.0,Jun
1962-07-01,0.017,-0.164,0.2,1962.0,1960.0,Jul
1962-08-01,-0.003,-0.22,0.213,1962.0,1960.0,Aug
1962-09-01,-0.014,-0.213,0.184,1962.0,1960.0,Sep
1962-10-01,0.045,-0.102,0.188,1962.0,1960.0,Oct
1962-11-01,0.013,-0.107,0.13,1962.0,1960.0,Nov
1962-12-01,-0.011,-0.152,0.127,1962.0,1960.0,Dec
1963-01-01,-0.045,-0.185,0.093,1963.0,1960.0,Jan
1963-02-01,0.15,0.031,0.268,1963.0,1960.0,Feb
1963-03-01,-0.146,-0.277,-0.013,1963.0,1960.0,Mar
1963-04-01,-0.067,-0.207,0.071,1963.0,1960.0,Apr
1963-05-01,-0.021,-0.177,0.133,1963.0,1960.0,May
1963-06-01,-0.034,-0.169,0.103,1963.0,1960.0,Jun
1963-07-01,0.11,-0.07,0.294,1963.0,1960.0,Jul
1963-08-01,0.128,-0.091,0.346,1963.0,1960.0,Aug
1963-09-01,0.129,-0.076,0.333,1963.0,1960.0,Sep
1963-10-01,0.225,0.075,0.375,1963.0,1960.0,Oct
1963-11-01,0.161,0.037,0.288,1963.0,1960.0,Nov
1963-12-01,-0.007,-0.14,0.127,1963.0,1960.0,Dec
1964-01-01,-0.053,-0.191,0.083,1964.0,1960.0,Jan
1964-02-01,-0.127,-0.247,-0.009,1964.0,1960.0,Feb
1964-03-01,-0.279,-0.409,-0.144,1964.0,1960.0,Mar
1964-04-01,-0.247,-0.383,-0.103,1964.0,1960.0,Apr
1964-05-01,-0.176,-0.33,-0.022,1964.0,1960.0,May
1964-06-01,-0.159,-0.29,-0.025,1964.0,1960.0,Jun
1964-07-01,-0.172,-0.347,0.009,1964.0,1960.0,Jul
1964-08-01,-0.256,-0.475,-0.037,1964.0,1960.0,Aug
1964-09-01,-0.283,-0.481,-0.084,1964.0,1960.0,Sep
1964-10-01,-0.267,-0.414,-0.119,1964.0,1960.0,Oct
1964-11-01,-0.297,-0.419,-0.173,1964.0,1960.0,Nov
1964-12-01,-0.353,-0.483,-0.223,1964.0,1960.0,Dec
1965-01-01,-0.105,-0.243,0.035,1965.0,1960.0,Jan
1965-02-01,-0.247,-0.366,-0.13,1965.0,1960.0,Feb
1965-03-01,-0.218,-0.35,-0.084,1965.0,1960.0,Mar
1965-04-01,-0.255,-0.389,-0.118,1965.0,1960.0,Apr
1965-05-01,-0.162,-0.317,-0.004,1965.0,1960.0,May
1965-06-01,-0.11,-0.247,0.027,1965.0,1960.0,Jun
1965-07-01,-0.179,-0.357,0.004,1965.0,1960.0,Jul
1965-08-01,-0.107,-0.327,0.115,1965.0,1960.0,Aug
1965-09-01,-0.09,-0.293,0.113,1965.0,1960.0,Sep
1965-10-01,-0.025,-0.173,0.123,1965.0,1960.0,Oct
1965-11-01,-0.135,-0.254,-0.011,1965.0,1960.0,Nov
1965-12-01,-0.065,-0.191,0.061,1965.0,1960.0,Dec
1966-01-01,-0.095,-0.232,0.04,1966.0,1960.0,Jan
1966-02-01,-0.094,-0.207,0.02,1966.0,1960.0,Feb
1966-03-01,-0.066,-0.198,0.067,1966.0,1960.0,Mar
1966-04-01,-0.107,-0.247,0.035,1966.0,1960.0,Apr
1966-05-01,-0.14,-0.291,0.013,1966.0,1960.0,May
1966-06-01,0.036,-0.101,0.173,1966.0,1960.0,Jun
1966-07-01,0.031,-0.149,0.214,1966.0,1960.0,Jul
1966-08-01,-0.019,-0.237,0.202,1966.0,1960.0,Aug
1966-09-01,-0.039,-0.234,0.157,1966.0,1960.0,Sep
1966-10-01,-0.106,-0.251,0.042,1966.0,1960.0,Oct
1966-11-01,-0.095,-0.215,0.026,1966.0,1960.0,Nov
1966-12-01,-0.137,-0.269,-0.003,1966.0,1960.0,Dec
1967-01-01,-0.167,-0.302,-0.034,1967.0,1960.0,Jan
1967-02-01,-0.235,-0.35,-0.12,1967.0,1960.0,Feb
1967-03-01,-0.048,-0.181,0.084,1967.0,1960.0,Mar
1967-04-01,-0.063,-0.205,0.078,1967.0,1960.0,Apr
1967-05-01,0.077,-0.075,0.231,1967.0,1960.0,May
1967-06-01,-0.083,-0.219,0.053,1967.0,1960.0,Jun
1967-07-01,-0.064,-0.24,0.119,1967.0,1960.0,Jul
1967-08-01,-0.063,-0.28,0.158,1967.0,1960.0,Aug
1967-09-01,-0.096,-0.288,0.095,1967.0,1960.0,Sep
1967-10-01,0.06,-0.082,0.203,1967.0,1960.0,Oct
1967-11-01,-0.061,-0.18,0.058,1967.0,1960.0,Nov
1967-12-01,-0.148,-0.275,-0.022,1967.0,1960.0,Dec
1968-01-01,-0.24,-0.374,-0.106,1968.0,1960.0,Jan
1968-02-01,-0.213,-0.326,-0.099,1968.0,1960.0,Feb
1968-03-01,0.039,-0.094,0.172,1968.0,1960.0,Mar
1968-04-01,-0.169,-0.301,-0.036,1968.0,1960.0,Apr
1968-05-01,-0.221,-0.368,-0.072,1968.0,1960.0,May
1968-06-01,-0.107,-0.24,0.026,1968.0,1960.0,Jun
1968-07-01,-0.102,-0.279,0.074,1968.0,1960.0,Jul
1968-08-01,-0.057,-0.274,0.16,1968.0,1960.0,Aug
1968-09-01,-0.086,-0.277,0.104,1968.0,1960.0,Sep
1968-10-01,-0.02,-0.166,0.127,1968.0,1960.0,Oct
1968-11-01,-0.071,-0.188,0.045,1968.0,1960.0,Nov
1968-12-01,-0.109,-0.236,0.022,1968.0,1960.0,Dec
1969-01-01,-0.168,-0.299,-0.039,1969.0,1960.0,Jan
1969-02-01,-0.167,-0.276,-0.057,1969.0,1960.0,Feb
1969-03-01,-0.005,-0.137,0.128,1969.0,1960.0,Mar
1969-04-01,0.105,-0.025,0.237,1969.0,1960.0,Apr
1969-05-01,0.132,-0.018,0.281,1969.0,1960.0,May
1969-06-01,0.024,-0.111,0.158,1969.0,1960.0,Jun
1969-07-01,0.038,-0.139,0.212,1969.0,1960.0,Jul
1969-08-01,0.053,-0.163,0.269,1969.0,1960.0,Aug
1969-09-01,0.017,-0.179,0.211,1969.0,1960.0,Sep
1969-10-01,0.027,-0.114,0.169,1969.0,1960.0,Oct
1969-11-01,0.132,0.015,0.249,1969.0,1960.0,Nov
1969-12-01,0.196,0.073,0.321,1969.0,1960.0,Dec
1970-01-01,0.073,-0.06,0.204,1970.0,1970.0,Jan
1970-02-01,0.145,0.031,0.258,1970.0,1970.0,Feb
1970-03-01,-0.068,-0.193,0.056,1970.0,1970.0,Mar
1970-04-01,0.056,-0.075,0.192,1970.0,1970.0,Apr
1970-05-01,-0.035,-0.18,0.114,1970.0,1970.0,May
1970-06-01,-0.014,-0.152,0.124,1970.0,1970.0,Jun
1970-07-01,-0.049,-0.228,0.131,1970.0,1970.0,Jul
1970-08-01,-0.092,-0.308,0.126,1970.0,1970.0,Aug
1970-09-01,-0.04,-0.235,0.158,1970.0,1970.0,Sep
1970-10-01,-0.075,-0.218,0.068,1970.0,1970.0,Oct
1970-11-01,-0.049,-0.161,0.066,1970.0,1970.0,Nov
1970-12-01,-0.164,-0.285,-0.042,1970.0,1970.0,Dec
1971-01-01,-0.098,-0.237,0.039,1971.0,1970.0,Jan
1971-02-01,-0.291,-0.403,-0.177,1971.0,1970.0,Feb
1971-03-01,-0.283,-0.41,-0.154,1971.0,1970.0,Mar
1971-04-01,-0.238,-0.369,-0.103,1971.0,1970.0,Apr
1971-05-01,-0.214,-0.36,-0.065,1971.0,1970.0,May
1971-06-01,-0.234,-0.367,-0.101,1971.0,1970.0,Jun
1971-07-01,-0.131,-0.309,0.047,1971.0,1970.0,Jul
1971-08-01,-0.169,-0.385,0.05,1971.0,1970.0,Aug
1971-09-01,-0.124,-0.318,0.073,1971.0,1970.0,Sep
1971-10-01,-0.165,-0.31,-0.018,1971.0,1970.0,Oct
1971-11-01,-0.084,-0.2,0.031,1971.0,1970.0,Nov
1971-12-01,-0.2,-0.322,-0.076,1971.0,1970.0,Dec
1972-01-01,-0.377,-0.51,-0.245,1972.0,1970.0,Jan
1972-02-01,-0.29,-0.402,-0.176,1972.0,1970.0,Feb
1972-03-01,-0.133,-0.252,-0.009,1972.0,1970.0,Mar
1972-04-01,-0.079,-0.212,0.058,1972.0,1970.0,Apr
1972-05-01,-0.065,-0.211,0.085,1972.0,1970.0,May
1972-06-01,0.006,-0.128,0.14,1972.0,1970.0,Jun
1972-07-01,-0.021,-0.195,0.155,1972.0,1970.0,Jul
1972-08-01,0.015,-0.202,0.237,1972.0,1970.0,Aug
1972-09-01,-0.055,-0.253,0.146,1972.0,1970.0,Sep
1972-10-01,0.005,-0.143,0.155,1972.0,1970.0,Oct
1972-11-01,-0.001,-0.115,0.116,1972.0,1970.0,Nov
1972-12-01,0.185,0.065,0.309,1972.0,1970.0,Dec
1973-01-01,0.147,0.016,0.28,1973.0,1970.0,Jan
1973-02-01,0.278,0.169,0.39,1973.0,1970.0,Feb
1973-03-01,0.225,0.099,0.355,1973.0,1970.0,Mar
1973-04-01,0.16,0.027,0.295,1973.0,1970.0,Apr
1973-05-01,0.086,-0.062,0.235,1973.0,1970.0,May
1973-06-01,0.109,-0.018,0.237,1973.0,1970.0,Jun
1973-07-01,0.026,-0.14,0.192,1973.0,1970.0,Jul
1973-08-01,0.016,-0.197,0.231,1973.0,1970.0,Aug
1973-09-01,-0.043,-0.238,0.153,1973.0,1970.0,Sep
1973-10-01,-0.046,-0.193,0.102,1973.0,1970.0,Oct
1973-11-01,-0.098,-0.21,0.015,1973.0,1970.0,Nov
1973-12-01,-0.113,-0.237,0.01,1973.0,1970.0,Dec
1974-01-01,-0.373,-0.5,-0.247,1974.0,1970.0,Jan
1974-02-01,-0.407,-0.518,-0.298,1974.0,1970.0,Feb
1974-03-01,-0.231,-0.357,-0.106,1974.0,1970.0,Mar
1974-04-01,-0.18,-0.315,-0.042,1974.0,1970.0,Apr
1974-05-01,-0.196,-0.346,-0.046,1974.0,1970.0,May
1974-06-01,-0.153,-0.289,-0.017,1974.0,1970.0,Jun
1974-07-01,-0.127,-0.301,0.047,1974.0,1970.0,Jul
1974-08-01,-0.082,-0.295,0.132,1974.0,1970.0,Aug
1974-09-01,-0.13,-0.325,0.064,1974.0,1970.0,Sep
1974-10-01,-0.219,-0.363,-0.076,1974.0,1970.0,Oct
1974-11-01,-0.212,-0.328,-0.095,1974.0,1970.0,Nov
1974-12-01,-0.237,-0.36,-0.112,1974.0,1970.0,Dec
1975-01-01,-0.073,-0.207,0.063,1975.0,1970.0,Jan
1975-02-01,-0.092,-0.202,0.017,1975.0,1970.0,Feb
1975-03-01,-0.076,-0.208,0.055,1975.0,1970.0,Mar
1975-04-01,-0.091,-0.223,0.042,1975.0,1970.0,Apr
1975-05-01,-0.085,-0.23,0.064,1975.0,1970.0,May
1975-06-01,-0.085,-0.216,0.048,1975.0,1970.0,Jun
1975-07-01,-0.11,-0.286,0.066,1975.0,1970.0,Jul
1975-08-01,-0.179,-0.396,0.039,1975.0,1970.0,Aug
1975-09-01,-0.126,-0.321,0.071,1975.0,1970.0,Sep
1975-10-01,-0.234,-0.379,-0.089,1975.0,1970.0,Oct
1975-11-01,-0.315,-0.428,-0.199,1975.0,1970.0,Nov
1975-12-01,-0.306,-0.433,-0.18,1975.0,1970.0,Dec
1976-01-01,-0.232,-0.366,-0.097,1976.0,1970.0,Jan
1976-02-01,-0.328,-0.438,-0.218,1976.0,1970.0,Feb
1976-03-01,-0.441,-0.573,-0.311,1976.0,1970.0,Mar
1976-04-01,-0.192,-0.33,-0.056,1976.0,1970.0,Apr
1976-05-01,-0.316,-0.463,-0.168,1976.0,1970.0,May
1976-06-01,-0.249,-0.381,-0.118,1976.0,1970.0,Jun
1976-07-01,-0.185,-0.36,-0.01,1976.0,1970.0,Jul
1976-08-01,-0.203,-0.42,0.013,1976.0,1970.0,Aug
1976-09-01,-0.163,-0.357,0.03,1976.0,1970.0,Sep
1976-10-01,-0.316,-0.457,-0.175,1976.0,1970.0,Oct
1976-11-01,-0.177,-0.291,-0.062,1976.0,1970.0,Nov
1976-12-01,-0.086,-0.212,0.04,1976.0,1970.0,Dec
1977-01-01,-0.076,-0.209,0.056,1977.0,1970.0,Jan
1977-02-01,0.076,-0.033,0.186,1977.0,1970.0,Feb
1977-03-01,0.101,-0.026,0.227,1977.0,1970.0,Mar
1977-04-01,0.095,-0.037,0.228,1977.0,1970.0,Apr
1977-05-01,0.071,-0.074,0.215,1977.0,1970.0,May
1977-06-01,0.11,-0.021,0.243,1977.0,1970.0,Jun
1977-07-01,0.062,-0.113,0.237,1977.0,1970.0,Jul
1977-08-01,-0.003,-0.22,0.216,1977.0,1970.0,Aug
1977-09-01,0.033,-0.166,0.232,1977.0,1970.0,Sep
1977-10-01,-0.006,-0.151,0.138,1977.0,1970.0,Oct
1977-11-01,0.14,0.029,0.252,1977.0,1970.0,Nov
1977-12-01,-0.054,-0.176,0.069,1977.0,1970.0,Dec
1978-01-01,0.014,-0.114,0.144,1978.0,1970.0,Jan
1978-02-01,-0.038,-0.149,0.073,1978.0,1970.0,Feb
1978-03-01,0.027,-0.096,0.152,1978.0,1970.0,Mar
1978-04-01,-0.063,-0.187,0.063,1978.0,1970.0,Apr
1978-05-01,-0.086,-0.234,0.064,1978.0,1970.0,May
1978-06-01,-0.136,-0.273,0.001,1978.0,1970.0,Jun
1978-07-01,-0.066,-0.246,0.115,1978.0,1970.0,Jul
1978-08-01,-0.185,-0.401,0.032,1978.0,1970.0,Aug
1978-09-01,-0.053,-0.247,0.142,1978.0,1970.0,Sep
1978-10-01,-0.112,-0.254,0.03,1978.0,1970.0,Oct
1978-11-01,0.047,-0.069,0.165,1978.0,1970.0,Nov
1978-12-01,-0.101,-0.221,0.018,1978.0,1970.0,Dec
1979-01-01,-0.035,-0.16,0.092,1979.0,1970.0,Jan
1979-02-01,-0.14,-0.247,-0.034,1979.0,1970.0,Feb
1979-03-01,0.015,-0.103,0.135,1979.0,1970.0,Mar
1979-04-01,-0.047,-0.173,0.079,1979.0,1970.0,Apr
1979-05-01,-0.029,-0.175,0.116,1979.0,1970.0,May
1979-06-01,0.059,-0.076,0.193,1979.0,1970.0,Jun
1979-07-01,0.054,-0.122,0.229,1979.0,1970.0,Jul
1979-08-01,0.081,-0.125,0.289,1979.0,1970.0,Aug
1979-09-01,0.094,-0.096,0.283,1979.0,1970.0,Sep
1979-10-01,0.133,-0.006,0.27,1979.0,1970.0,Oct
1979-11-01,0.149,0.046,0.253,1979.0,1970.0,Nov
1979-12-01,0.356,0.242,0.468,1979.0,1970.0,Dec
1980-01-01,0.134,0.005,0.261,1980.0,1980.0,Jan
1980-02-01,0.22,0.115,0.323,1980.0,1980.0,Feb
1980-03-01,0.072,-0.045,0.187,1980.0,1980.0,Mar
1980-04-01,0.144,0.014,0.269,1980.0,1980.0,Apr
1980-05-01,0.142,-0.008,0.292,1980.0,1980.0,May
1980-06-01,0.072,-0.059,0.202,1980.0,1980.0,Jun
1980-07-01,0.059,-0.122,0.24,1980.0,1980.0,Jul
1980-08-01,0.038,-0.184,0.26,1980.0,1980.0,Aug
1980-09-01,0.038,-0.154,0.231,1980.0,1980.0,Sep
1980-10-01,0.011,-0.135,0.156,1980.0,1980.0,Oct
1980-11-01,0.13,0.019,0.243,1980.0,1980.0,Nov
1980-12-01,0.057,-0.058,0.17,1980.0,1980.0,Dec
1981-01-01,0.334,0.209,0.457,1981.0,1980.0,Jan
1981-02-01,0.198,0.089,0.304,1981.0,1980.0,Feb
1981-03-01,0.207,0.103,0.309,1981.0,1980.0,Mar
1981-04-01,0.129,0.006,0.25,1981.0,1980.0,Apr
1981-05-01,0.067,-0.083,0.217,1981.0,1980.0,May
1981-06-01,0.125,-0.011,0.259,1981.0,1980.0,Jun
1981-07-01,0.091,-0.094,0.273,1981.0,1980.0,Jul
1981-08-01,0.122,-0.101,0.344,1981.0,1980.0,Aug
1981-09-01,0.073,-0.127,0.27,1981.0,1980.0,Sep
1981-10-01,0.004,-0.144,0.15,1981.0,1980.0,Oct
1981-11-01,0.074,-0.039,0.185,1981.0,1980.0,Nov
1981-12-01,0.266,0.148,0.383,1981.0,1980.0,Dec
1982-01-01,-0.046,-0.187,0.092,1982.0,1980.0,Jan
1982-02-01,0.006,-0.109,0.117,1982.0,1980.0,Feb
1982-03-01,-0.127,-0.243,-0.013,1982.0,1980.0,Mar
1982-04-01,0.027,-0.104,0.156,1982.0,1980.0,Apr
1982-05-01,0.04,-0.11,0.189,1982.0,1980.0,May
1982-06-01,-0.056,-0.197,0.082,1982.0,1980.0,Jun
1982-07-01,-0.018,-0.2,0.161,1982.0,1980.0,Jul
1982-08-01,-0.009,-0.229,0.205,1982.0,1980.0,Aug
1982-09-01,0.074,-0.127,0.272,1982.0,1980.0,Sep
1982-10-01,0.004,-0.145,0.149,1982.0,1980.0,Oct
1982-11-01,-0.01,-0.123,0.102,1982.0,1980.0,Nov
1982-12-01,0.252,0.13,0.369,1982.0,1980.0,Dec
1983-01-01,0.429,0.293,0.563,1983.0,1980.0,Jan
1983-02-01,0.31,0.197,0.42,1983.0,1980.0,Feb
1983-03-01,0.213,0.097,0.327,1983.0,1980.0,Mar
1983-04-01,0.116,-0.007,0.237,1983.0,1980.0,Apr
1983-05-01,0.136,-0.01,0.282,1983.0,1980.0,May
1983-06-01,0.136,-0.002,0.273,1983.0,1980.0,Jun
1983-07-01,0.151,-0.031,0.332,1983.0,1980.0,Jul
1983-08-01,0.2,-0.021,0.42,1983.0,1980.0,Aug
1983-09-01,0.189,-0.009,0.383,1983.0,1980.0,Sep
1983-10-01,0.098,-0.052,0.246,1983.0,1980.0,Oct
1983-11-01,0.254,0.139,0.369,1983.0,1980.0,Nov
1983-12-01,0.086,-0.035,0.205,1983.0,1980.0,Dec
1984-01-01,0.121,-0.013,0.255,1984.0,1980.0,Jan
1984-02-01,0.018,-0.098,0.133,1984.0,1980.0,Feb
1984-03-01,0.048,-0.071,0.167,1984.0,1980.0,Mar
1984-04-01,-0.046,-0.171,0.077,1984.0,1980.0,Apr
1984-05-01,0.091,-0.064,0.244,1984.0,1980.0,May
1984-06-01,-0.014,-0.156,0.127,1984.0,1980.0,Jun
1984-07-01,-0.035,-0.217,0.147,1984.0,1980.0,Jul
1984-08-01,0.04,-0.179,0.259,1984.0,1980.0,Aug
1984-09-01,0.033,-0.164,0.227,1984.0,1980.0,Sep
1984-10-01,-0.021,-0.171,0.126,1984.0,1980.0,Oct
1984-11-01,-0.122,-0.233,-0.009,1984.0,1980.0,Nov
1984-12-01,-0.275,-0.394,-0.156,1984.0,1980.0,Dec
1985-01-01,0.01,-0.125,0.145,1985.0,1980.0,Jan
1985-02-01,-0.135,-0.248,-0.024,1985.0,1980.0,Feb
1985-03-01,-0.025,-0.147,0.097,1985.0,1980.0,Mar
1985-04-01,-0.039,-0.165,0.085,1985.0,1980.0,Apr
1985-05-01,-0.003,-0.15,0.143,1985.0,1980.0,May
1985-06-01,-0.06,-0.193,0.072,1985.0,1980.0,Jun
1985-07-01,-0.06,-0.235,0.115,1985.0,1980.0,Jul
1985-08-01,0.027,-0.187,0.239,1985.0,1980.0,Aug
1985-09-01,-0.031,-0.228,0.165,1985.0,1980.0,Sep
1985-10-01,0.02,-0.129,0.167,1985.0,1980.0,Oct
1985-11-01,-0.074,-0.183,0.036,1985.0,1980.0,Nov
1985-12-01,0.014,-0.099,0.124,1985.0,1980.0,Dec
1986-01-01,0.124,-0.008,0.253,1986.0,1980.0,Jan
1986-02-01,0.09,-0.016,0.196,1986.0,1980.0,Feb
1986-03-01,0.076,-0.049,0.196,1986.0,1980.0,Mar
1986-04-01,0.08,-0.046,0.201,1986.0,1980.0,Apr
1986-05-01,0.045,-0.106,0.195,1986.0,1980.0,May
1986-06-01,0.05,-0.089,0.189,1986.0,1980.0,Jun
1986-07-01,-0.003,-0.18,0.172,1986.0,1980.0,Jul
1986-08-01,0.002,-0.21,0.211,1986.0,1980.0,Aug
1986-09-01,0.011,-0.189,0.209,1986.0,1980.0,Sep
1986-10-01,0.065,-0.076,0.204,1986.0,1980.0,Oct
1986-11-01,-0.006,-0.115,0.105,1986.0,1980.0,Nov
1986-12-01,0.01,-0.108,0.126,1986.0,1980.0,Dec
1987-01-01,0.111,-0.022,0.241,1987.0,1980.0,Jan
1987-02-01,0.299,0.184,0.413,1987.0,1980.0,Feb
1987-03-01,0.021,-0.099,0.14,1987.0,1980.0,Mar
1987-04-01,0.094,-0.036,0.224,1987.0,1980.0,Apr
1987-05-01,0.147,-0.005,0.298,1987.0,1980.0,May
1987-06-01,0.127,-0.009,0.264,1987.0,1980.0,Jun
1987-07-01,0.269,0.093,0.445,1987.0,1980.0,Jul
1987-08-01,0.236,0.013,0.457,1987.0,1980.0,Aug
1987-09-01,0.271,0.075,0.465,1987.0,1980.0,Sep
1987-10-01,0.202,0.056,0.348,1987.0,1980.0,Oct
1987-11-01,0.196,0.086,0.306,1987.0,1980.0,Nov
1987-12-01,0.32,0.205,0.436,1987.0,1980.0,Dec
1988-01-01,0.388,0.254,0.522,1988.0,1980.0,Jan
1988-02-01,0.232,0.122,0.341,1988.0,1980.0,Feb
1988-03-01,0.265,0.142,0.385,1988.0,1980.0,Mar
1988-04-01,0.226,0.093,0.355,1988.0,1980.0,Apr
1988-05-01,0.211,0.061,0.357,1988.0,1980.0,May
1988-06-01,0.221,0.084,0.358,1988.0,1980.0,Jun
1988-07-01,0.175,-0.003,0.352,1988.0,1980.0,Jul
1988-08-01,0.178,-0.046,0.4,1988.0,1980.0,Aug
1988-09-01,0.186,-0.013,0.383,1988.0,1980.0,Sep
1988-10-01,0.14,-0.006,0.285,1988.0,1980.0,Oct
1988-11-01,0.027,-0.086,0.141,1988.0,1980.0,Nov
1988-12-01,0.149,0.027,0.271,1988.0,1980.0,Dec
1989-01-01,0.013,-0.123,0.147,1989.0,1980.0,Jan
1989-02-01,0.149,0.036,0.261,1989.0,1980.0,Feb
1989-03-01,0.137,0.017,0.257,1989.0,1980.0,Mar
1989-04-01,0.081,-0.051,0.211,1989.0,1980.0,Apr
1989-05-01,0.078,-0.072,0.227,1989.0,1980.0,May
1989-06-01,0.077,-0.059,0.214,1989.0,1980.0,Jun
1989-07-01,0.157,-0.025,0.337,1989.0,1980.0,Jul
1989-08-01,0.178,-0.046,0.4,1989.0,1980.0,Aug
1989-09-01,0.142,-0.052,0.334,1989.0,1980.0,Sep
1989-10-01,0.15,0.009,0.293,1989.0,1980.0,Oct
1989-11-01,0.059,-0.053,0.174,1989.0,1980.0,Nov
1989-12-01,0.203,0.081,0.322,1989.0,1980.0,Dec
1990-01-01,0.217,0.079,0.353,1990.0,1990.0,Jan
1990-02-01,0.307,0.193,0.42,1990.0,1990.0,Feb
1990-03-01,0.56,0.441,0.681,1990.0,1990.0,Mar
1990-04-01,0.368,0.236,0.498,1990.0,1990.0,Apr
1990-05-01,0.277,0.135,0.42,1990.0,1990.0,May
1990-06-01,0.277,0.137,0.416,1990.0,1990.0,Jun
1990-07-01,0.23,0.047,0.414,1990.0,1990.0,Jul
1990-08-01,0.25,0.025,0.475,1990.0,1990.0,Aug
1990-09-01,0.176,-0.025,0.376,1990.0,1990.0,Sep
1990-10-01,0.332,0.187,0.476,1990.0,1990.0,Oct
1990-11-01,0.317,0.203,0.432,1990.0,1990.0,Nov
1990-12-01,0.247,0.122,0.369,1990.0,1990.0,Dec
1991-01-01,0.289,0.147,0.433,1991.0,1990.0,Jan
1991-02-01,0.294,0.175,0.409,1991.0,1990.0,Feb
1991-03-01,0.193,0.067,0.318,1991.0,1990.0,Mar
1991-04-01,0.386,0.25,0.52,1991.0,1990.0,Apr
1991-05-01,0.302,0.149,0.456,1991.0,1990.0,May
1991-06-01,0.305,0.163,0.447,1991.0,1990.0,Jun
1991-07-01,0.308,0.133,0.482,1991.0,1990.0,Jul
1991-08-01,0.259,0.036,0.483,1991.0,1990.0,Aug
1991-09-01,0.243,0.044,0.442,1991.0,1990.0,Sep
1991-10-01,0.185,0.045,0.326,1991.0,1990.0,Oct
1991-11-01,0.158,0.041,0.275,1991.0,1990.0,Nov
1991-12-01,0.128,-0.003,0.258,1991.0,1990.0,Dec
1992-01-01,0.37,0.226,0.511,1992.0,1990.0,Jan
1992-02-01,0.316,0.197,0.432,1992.0,1990.0,Feb
1992-03-01,0.258,0.128,0.387,1992.0,1990.0,Mar
1992-04-01,0.14,0.004,0.273,1992.0,1990.0,Apr
1992-05-01,0.178,0.018,0.337,1992.0,1990.0,May
1992-06-01,0.125,-0.012,0.264,1992.0,1990.0,Jun
1992-07-01,-0.018,-0.199,0.158,1992.0,1990.0,Jul
1992-08-01,0.004,-0.217,0.226,1992.0,1990.0,Aug
1992-09-01,-0.062,-0.264,0.141,1992.0,1990.0,Sep
1992-10-01,-0.053,-0.202,0.095,1992.0,1990.0,Oct
1992-11-01,-0.09,-0.207,0.025,1992.0,1990.0,Nov
1992-12-01,0.079,-0.045,0.2,1992.0,1990.0,Dec
1993-01-01,0.307,0.161,0.453,1993.0,1990.0,Jan
1993-02-01,0.253,0.135,0.369,1993.0,1990.0,Feb
1993-03-01,0.24,0.112,0.367,1993.0,1990.0,Mar
1993-04-01,0.131,-0.006,0.265,1993.0,1990.0,Apr
1993-05-01,0.179,0.021,0.336,1993.0,1990.0,May
1993-06-01,0.177,0.035,0.315,1993.0,1990.0,Jun
1993-07-01,0.133,-0.051,0.316,1993.0,1990.0,Jul
1993-08-01,0.094,-0.13,0.32,1993.0,1990.0,Aug
1993-09-01,0.062,-0.138,0.262,1993.0,1990.0,Sep
1993-10-01,0.099,-0.051,0.248,1993.0,1990.0,Oct
1993-11-01,-0.041,-0.161,0.078,1993.0,1990.0,Nov
1993-12-01,0.122,-0.005,0.247,1993.0,1990.0,Dec
1994-01-01,0.179,0.039,0.32,1994.0,1990.0,Jan
1994-02-01,-0.052,-0.173,0.065,1994.0,1990.0,Feb
1994-03-01,0.222,0.09,0.349,1994.0,1990.0,Mar
1994-04-01,0.209,0.066,0.349,1994.0,1990.0,Apr
1994-05-01,0.271,0.115,0.424,1994.0,1990.0,May
1994-06-01,0.264,0.124,0.404,1994.0,1990.0,Jun
1994-07-01,0.168,-0.012,0.349,1994.0,1990.0,Jul
1994-08-01,0.181,-0.046,0.408,1994.0,1990.0,Aug
1994-09-01,0.186,-0.003,0.379,1994.0,1990.0,Sep
1994-10-01,0.309,0.161,0.458,1994.0,1990.0,Oct
1994-11-01,0.308,0.186,0.428,1994.0,1990.0,Nov
1994-12-01,0.244,0.109,0.37,1994.0,1990.0,Dec
1995-01-01,0.42,0.278,0.564,1995.0,1990.0,Jan
1995-02-01,0.597,0.481,0.711,1995.0,1990.0,Feb
1995-03-01,0.325,0.191,0.453,1995.0,1990.0,Mar
1995-04-01,0.285,0.152,0.417,1995.0,1990.0,Apr
1995-05-01,0.216,0.061,0.364,1995.0,1990.0,May
1995-06-01,0.307,0.165,0.451,1995.0,1990.0,Jun
1995-07-01,0.325,0.14,0.506,1995.0,1990.0,Jul
1995-08-01,0.355,0.135,0.576,1995.0,1990.0,Aug
1995-09-01,0.252,0.056,0.449,1995.0,1990.0,Sep
1995-10-01,0.33,0.181,0.476,1995.0,1990.0,Oct
1995-11-01,0.319,0.202,0.434,1995.0,1990.0,Nov
1995-12-01,0.124,-0.004,0.249,1995.0,1990.0,Dec
1996-01-01,0.109,-0.034,0.252,1996.0,1990.0,Jan
1996-02-01,0.321,0.202,0.435,1996.0,1990.0,Feb
1996-03-01,0.184,0.048,0.315,1996.0,1990.0,Mar
1996-04-01,0.129,-0.01,0.265,1996.0,1990.0,Apr
1996-05-01,0.219,0.057,0.373,1996.0,1990.0,May
1996-06-01,0.17,0.028,0.308,1996.0,1990.0,Jun
1996-07-01,0.22,0.042,0.391,1996.0,1990.0,Jul
1996-08-01,0.203,-0.027,0.431,1996.0,1990.0,Aug
1996-09-01,0.098,-0.105,0.303,1996.0,1990.0,Sep
1996-10-01,0.133,-0.017,0.279,1996.0,1990.0,Oct
1996-11-01,0.145,0.026,0.263,1996.0,1990.0,Nov
1996-12-01,0.23,0.098,0.357,1996.0,1990.0,Dec
1997-01-01,0.208,0.064,0.353,1997.0,1990.0,Jan
1997-02-01,0.317,0.198,0.433,1997.0,1990.0,Feb
1997-03-01,0.348,0.217,0.475,1997.0,1990.0,Mar
1997-04-01,0.271,0.134,0.409,1997.0,1990.0,Apr
1997-05-01,0.287,0.128,0.438,1997.0,1990.0,May
1997-06-01,0.403,0.27,0.537,1997.0,1990.0,Jun
1997-07-01,0.366,0.2,0.531,1997.0,1990.0,Jul
1997-08-01,0.438,0.215,0.66,1997.0,1990.0,Aug
1997-09-01,0.474,0.275,0.673,1997.0,1990.0,Sep
1997-10-01,0.554,0.408,0.7,1997.0,1990.0,Oct
1997-11-01,0.496,0.377,0.615,1997.0,1990.0,Nov
1997-12-01,0.505,0.372,0.635,1997.0,1990.0,Dec
1998-01-01,0.485,0.338,0.634,1998.0,1990.0,Jan
1998-02-01,0.761,0.638,0.88,1998.0,1990.0,Feb
1998-03-01,0.557,0.426,0.687,1998.0,1990.0,Mar
1998-04-01,0.638,0.499,0.774,1998.0,1990.0,Apr
1998-05-01,0.574,0.426,0.717,1998.0,1990.0,May
1998-06-01,0.594,0.453,0.732,1998.0,1990.0,Jun
1998-07-01,0.672,0.493,0.846,1998.0,1990.0,Jul
1998-08-01,0.599,0.382,0.814,1998.0,1990.0,Aug
1998-09-01,0.391,0.189,0.593,1998.0,1990.0,Sep
1998-10-01,0.401,0.248,0.555,1998.0,1990.0,Oct
1998-11-01,0.297,0.173,0.42,1998.0,1990.0,Nov
1998-12-01,0.473,0.331,0.608,1998.0,1990.0,Dec
1999-01-01,0.347,0.201,0.491,1999.0,1990.0,Jan
1999-02-01,0.588,0.463,0.702,1999.0,1990.0,Feb
1999-03-01,0.228,0.093,0.356,1999.0,1990.0,Mar
1999-04-01,0.325,0.185,0.462,1999.0,1990.0,Apr
1999-05-01,0.244,0.094,0.386,1999.0,1990.0,May
1999-06-01,0.273,0.134,0.412,1999.0,1990.0,Jun
1999-07-01,0.288,0.115,0.46,1999.0,1990.0,Jul
1999-08-01,0.222,-0.002,0.445,1999.0,1990.0,Aug
1999-09-01,0.297,0.092,0.504,1999.0,1990.0,Sep
1999-10-01,0.252,0.107,0.399,1999.0,1990.0,Oct
1999-11-01,0.235,0.109,0.359,1999.0,1990.0,Nov
1999-12-01,0.382,0.25,0.507,1999.0,1990.0,Dec
2000-01-01,0.225,0.082,0.368,2e3,2e3,Jan
2000-02-01,0.454,0.329,0.571,2e3,2e3,Feb
2000-03-01,0.381,0.25,0.509,2e3,2e3,Mar
2000-04-01,0.478,0.334,0.622,2e3,2e3,Apr
2000-05-01,0.279,0.121,0.433,2e3,2e3,May
2000-06-01,0.274,0.137,0.41,2e3,2e3,Jun
2000-07-01,0.26,0.082,0.439,2e3,2e3,Jul
2000-08-01,0.357,0.142,0.574,2e3,2e3,Aug
2000-09-01,0.305,0.107,0.506,2e3,2e3,Sep
2000-10-01,0.222,0.071,0.375,2e3,2e3,Oct
2000-11-01,0.16,0.035,0.285,2e3,2e3,Nov
2000-12-01,0.155,0.022,0.285,2e3,2e3,Dec
2001-01-01,0.365,0.211,0.52,2001.0,2e3,Jan
2001-02-01,0.325,0.204,0.445,2001.0,2e3,Feb
2001-03-01,0.512,0.381,0.64,2001.0,2e3,Mar
2001-04-01,0.45,0.311,0.59,2001.0,2e3,Apr
2001-05-01,0.414,0.258,0.567,2001.0,2e3,May
2001-06-01,0.428,0.283,0.574,2001.0,2e3,Jun
2001-07-01,0.461,0.275,0.645,2001.0,2e3,Jul
2001-08-01,0.5,0.275,0.726,2001.0,2e3,Aug
2001-09-01,0.421,0.22,0.628,2001.0,2e3,Sep
2001-10-01,0.417,0.265,0.573,2001.0,2e3,Oct
2001-11-01,0.609,0.491,0.73,2001.0,2e3,Nov
2001-12-01,0.373,0.237,0.503,2001.0,2e3,Dec
2002-01-01,0.663,0.508,0.821,2002.0,2e3,Jan
2002-02-01,0.705,0.582,0.827,2002.0,2e3,Feb
2002-03-01,0.7,0.567,0.832,2002.0,2e3,Mar
2002-04-01,0.464,0.32,0.609,2002.0,2e3,Apr
2002-05-01,0.426,0.26,0.588,2002.0,2e3,May
2002-06-01,0.477,0.33,0.626,2002.0,2e3,Jun
2002-07-01,0.489,0.305,0.674,2002.0,2e3,Jul
2002-08-01,0.449,0.227,0.674,2002.0,2e3,Aug
2002-09-01,0.42,0.22,0.626,2002.0,2e3,Sep
2002-10-01,0.406,0.262,0.555,2002.0,2e3,Oct
2002-11-01,0.45,0.331,0.572,2002.0,2e3,Nov
2002-12-01,0.325,0.193,0.452,2002.0,2e3,Dec
2003-01-01,0.599,0.452,0.749,2003.0,2e3,Jan
2003-02-01,0.453,0.33,0.574,2003.0,2e3,Feb
2003-03-01,0.46,0.329,0.589,2003.0,2e3,Mar
2003-04-01,0.436,0.293,0.579,2003.0,2e3,Apr
2003-05-01,0.478,0.319,0.637,2003.0,2e3,May
2003-06-01,0.459,0.315,0.605,2003.0,2e3,Jun
2003-07-01,0.479,0.29,0.667,2003.0,2e3,Jul
2003-08-01,0.55,0.324,0.783,2003.0,2e3,Aug
2003-09-01,0.538,0.335,0.745,2003.0,2e3,Sep
2003-10-01,0.611,0.464,0.763,2003.0,2e3,Oct
2003-11-01,0.457,0.342,0.577,2003.0,2e3,Nov
2003-12-01,0.592,0.46,0.72,2003.0,2e3,Dec
2004-01-01,0.501,0.359,0.649,2004.0,2e3,Jan
2004-02-01,0.61,0.49,0.73,2004.0,2e3,Feb
2004-03-01,0.527,0.397,0.658,2004.0,2e3,Mar
2004-04-01,0.479,0.338,0.62,2004.0,2e3,Apr
2004-05-01,0.311,0.155,0.465,2004.0,2e3,May
2004-06-01,0.327,0.182,0.476,2004.0,2e3,Jun
2004-07-01,0.361,0.174,0.546,2004.0,2e3,Jul
2004-08-01,0.397,0.177,0.62,2004.0,2e3,Aug
2004-09-01,0.44,0.24,0.645,2004.0,2e3,Sep
2004-10-01,0.469,0.316,0.625,2004.0,2e3,Oct
2004-11-01,0.601,0.485,0.719,2004.0,2e3,Nov
2004-12-01,0.357,0.226,0.485,2004.0,2e3,Dec
2005-01-01,0.549,0.41,0.693,2005.0,2e3,Jan
2005-02-01,0.395,0.276,0.512,2005.0,2e3,Feb
2005-03-01,0.56,0.423,0.695,2005.0,2e3,Mar
2005-04-01,0.605,0.457,0.75,2005.0,2e3,Apr
2005-05-01,0.521,0.359,0.679,2005.0,2e3,May
2005-06-01,0.55,0.402,0.698,2005.0,2e3,Jun
2005-07-01,0.548,0.357,0.736,2005.0,2e3,Jul
2005-08-01,0.541,0.315,0.771,2005.0,2e3,Aug
2005-09-01,0.565,0.362,0.773,2005.0,2e3,Sep
2005-10-01,0.607,0.456,0.764,2005.0,2e3,Oct
2005-11-01,0.628,0.512,0.747,2005.0,2e3,Nov
2005-12-01,0.472,0.336,0.6,2005.0,2e3,Dec
2006-01-01,0.386,0.234,0.542,2006.0,2e3,Jan
2006-02-01,0.563,0.441,0.682,2006.0,2e3,Feb
2006-03-01,0.46,0.334,0.586,2006.0,2e3,Mar
2006-04-01,0.406,0.262,0.549,2006.0,2e3,Apr
2006-05-01,0.402,0.239,0.564,2006.0,2e3,May
2006-06-01,0.522,0.371,0.676,2006.0,2e3,Jun
2006-07-01,0.486,0.304,0.669,2006.0,2e3,Jul
2006-08-01,0.531,0.308,0.753,2006.0,2e3,Aug
2006-09-01,0.499,0.299,0.703,2006.0,2e3,Sep
2006-10-01,0.561,0.42,0.708,2006.0,2e3,Oct
2006-11-01,0.542,0.421,0.665,2006.0,2e3,Nov
2006-12-01,0.698,0.57,0.827,2006.0,2e3,Dec
2007-01-01,0.834,0.692,0.981,2007.0,2e3,Jan
2007-02-01,0.56,0.442,0.678,2007.0,2e3,Feb
2007-03-01,0.524,0.399,0.648,2007.0,2e3,Mar
2007-04-01,0.579,0.44,0.714,2007.0,2e3,Apr
2007-05-01,0.448,0.292,0.602,2007.0,2e3,May
2007-06-01,0.417,0.272,0.564,2007.0,2e3,Jun
2007-07-01,0.439,0.259,0.622,2007.0,2e3,Jul
2007-08-01,0.44,0.218,0.663,2007.0,2e3,Aug
2007-09-01,0.456,0.262,0.655,2007.0,2e3,Sep
2007-10-01,0.476,0.328,0.63,2007.0,2e3,Oct
2007-11-01,0.385,0.273,0.501,2007.0,2e3,Nov
2007-12-01,0.347,0.221,0.471,2007.0,2e3,Dec
2008-01-01,0.168,0.021,0.315,2008.0,2e3,Jan
2008-02-01,0.241,0.117,0.36,2008.0,2e3,Feb
2008-03-01,0.548,0.422,0.673,2008.0,2e3,Mar
2008-04-01,0.329,0.195,0.461,2008.0,2e3,Apr
2008-05-01,0.337,0.179,0.494,2008.0,2e3,May
2008-06-01,0.364,0.218,0.512,2008.0,2e3,Jun
2008-07-01,0.448,0.268,0.633,2008.0,2e3,Jul
2008-08-01,0.431,0.21,0.654,2008.0,2e3,Aug
2008-09-01,0.407,0.211,0.606,2008.0,2e3,Sep
2008-10-01,0.545,0.404,0.691,2008.0,2e3,Oct
2008-11-01,0.523,0.409,0.64,2008.0,2e3,Nov
2008-12-01,0.386,0.256,0.511,2008.0,2e3,Dec
2009-01-01,0.483,0.335,0.631,2009.0,2e3,Jan
2009-02-01,0.439,0.317,0.561,2009.0,2e3,Feb
2009-03-01,0.405,0.269,0.538,2009.0,2e3,Mar
2009-04-01,0.514,0.375,0.651,2009.0,2e3,Apr
2009-05-01,0.445,0.285,0.602,2009.0,2e3,May
2009-06-01,0.552,0.406,0.698,2009.0,2e3,Jun
2009-07-01,0.539,0.351,0.725,2009.0,2e3,Jul
2009-08-01,0.592,0.37,0.813,2009.0,2e3,Aug
2009-09-01,0.565,0.367,0.767,2009.0,2e3,Sep
2009-10-01,0.517,0.376,0.662,2009.0,2e3,Oct
2009-11-01,0.547,0.436,0.662,2009.0,2e3,Nov
2009-12-01,0.476,0.347,0.601,2009.0,2e3,Dec
2010-01-01,0.561,0.412,0.712,2010.0,2010.0,Jan
2010-02-01,0.576,0.447,0.704,2010.0,2010.0,Feb
2010-03-01,0.675,0.544,0.805,2010.0,2010.0,Mar
2010-04-01,0.68,0.536,0.824,2010.0,2010.0,Apr
2010-05-01,0.59,0.431,0.749,2010.0,2010.0,May
2010-06-01,0.586,0.437,0.738,2010.0,2010.0,Jun
2010-07-01,0.618,0.434,0.802,2010.0,2010.0,Jul
2010-08-01,0.542,0.318,0.766,2010.0,2010.0,Aug
2010-09-01,0.439,0.238,0.643,2010.0,2010.0,Sep
2010-10-01,0.493,0.348,0.642,2010.0,2010.0,Oct
2010-11-01,0.59,0.476,0.703,2010.0,2010.0,Nov
2010-12-01,0.34,0.21,0.464,2010.0,2010.0,Dec
2011-01-01,0.312,0.168,0.457,2011.0,2010.0,Jan
2011-02-01,0.326,0.208,0.446,2011.0,2010.0,Feb
2011-03-01,0.423,0.293,0.55,2011.0,2010.0,Mar
2011-04-01,0.479,0.343,0.612,2011.0,2010.0,Apr
2011-05-01,0.386,0.224,0.547,2011.0,2010.0,May
2011-06-01,0.488,0.336,0.638,2011.0,2010.0,Jun
2011-07-01,0.508,0.32,0.699,2011.0,2010.0,Jul
2011-08-01,0.488,0.264,0.715,2011.0,2010.0,Aug
2011-09-01,0.452,0.257,0.652,2011.0,2010.0,Sep
2011-10-01,0.454,0.319,0.595,2011.0,2010.0,Oct
2011-11-01,0.348,0.237,0.461,2011.0,2010.0,Nov
2011-12-01,0.4,0.27,0.528,2011.0,2010.0,Dec
2012-01-01,0.303,0.157,0.453,2012.0,2010.0,Jan
2012-02-01,0.297,0.178,0.419,2012.0,2010.0,Feb
2012-03-01,0.36,0.231,0.485,2012.0,2010.0,Mar
2012-04-01,0.573,0.432,0.714,2012.0,2010.0,Apr
2012-05-01,0.573,0.411,0.734,2012.0,2010.0,May
2012-06-01,0.558,0.41,0.707,2012.0,2010.0,Jun
2012-07-01,0.508,0.321,0.694,2012.0,2010.0,Jul
2012-08-01,0.537,0.309,0.763,2012.0,2010.0,Aug
2012-09-01,0.552,0.353,0.753,2012.0,2010.0,Sep
2012-10-01,0.551,0.406,0.699,2012.0,2010.0,Oct
2012-11-01,0.549,0.433,0.665,2012.0,2010.0,Nov
2012-12-01,0.272,0.137,0.403,2012.0,2010.0,Dec
2013-01-01,0.466,0.319,0.614,2013.0,2010.0,Jan
2013-02-01,0.496,0.365,0.621,2013.0,2010.0,Feb
2013-03-01,0.419,0.289,0.545,2013.0,2010.0,Mar
2013-04-01,0.449,0.305,0.589,2013.0,2010.0,Apr
2013-05-01,0.524,0.366,0.684,2013.0,2010.0,May
2013-06-01,0.496,0.346,0.648,2013.0,2010.0,Jun
2013-07-01,0.517,0.333,0.701,2013.0,2010.0,Jul
2013-08-01,0.542,0.315,0.769,2013.0,2010.0,Aug
2013-09-01,0.545,0.351,0.741,2013.0,2010.0,Sep
2013-10-01,0.51,0.372,0.649,2013.0,2010.0,Oct
2013-11-01,0.657,0.538,0.777,2013.0,2010.0,Nov
2013-12-01,0.53,0.395,0.662,2013.0,2010.0,Dec
2014-01-01,0.523,0.367,0.679,2014.0,2010.0,Jan
2014-02-01,0.321,0.193,0.447,2014.0,2010.0,Feb
2014-03-01,0.582,0.441,0.719,2014.0,2010.0,Mar
2014-04-01,0.665,0.522,0.807,2014.0,2010.0,Apr
2014-05-01,0.605,0.446,0.762,2014.0,2010.0,May
2014-06-01,0.623,0.476,0.771,2014.0,2010.0,Jun
2014-07-01,0.544,0.353,0.733,2014.0,2010.0,Jul
2014-08-01,0.675,0.454,0.896,2014.0,2010.0,Aug
2014-09-01,0.597,0.408,0.788,2014.0,2010.0,Sep
2014-10-01,0.632,0.497,0.77,2014.0,2010.0,Oct
2014-11-01,0.498,0.378,0.62,2014.0,2010.0,Nov
2014-12-01,0.651,0.509,0.79,2014.0,2010.0,Dec
2015-01-01,0.705,0.559,0.853,2015.0,2010.0,Jan
2015-02-01,0.688,0.558,0.817,2015.0,2010.0,Feb
2015-03-01,0.703,0.565,0.837,2015.0,2010.0,Mar
2015-04-01,0.667,0.525,0.806,2015.0,2010.0,Apr
2015-05-01,0.707,0.548,0.866,2015.0,2010.0,May
2015-06-01,0.74,0.594,0.886,2015.0,2010.0,Jun
2015-07-01,0.696,0.507,0.884,2015.0,2010.0,Jul
2015-08-01,0.738,0.511,0.965,2015.0,2010.0,Aug
2015-09-01,0.792,0.599,0.986,2015.0,2010.0,Sep
2015-10-01,0.837,0.703,0.976,2015.0,2010.0,Oct
2015-11-01,0.836,0.72,0.955,2015.0,2010.0,Nov
2015-12-01,1.024,0.893,1.151,2015.0,2010.0,Dec
